package_id,package_title,package_kind,package_folder,relative_path,sheet_or_table,variable_name,variable_label,inferred_type,non_null_sample_count,sample_values,min_value,max_value,source_file_format,confidence,notes
paper-2003-01,The Next America Revisited,READY-TO-UPLOAD/PUBLIC,/Users/dlev2617/Documents/Code/Agents/github-packages/READY-TO-UPLOAD/PUBLIC/paper-2003-01-the-next-america-revisited,data/modernized/census/AgeMix_Sheet1.csv,,Universe: Persons,,empty,0,,,,csv,medium,"Some headers were missing; generated column_N names. Delimiter `,`; sampled first 32 rows."
paper-2003-01,The Next America Revisited,READY-TO-UPLOAD/PUBLIC,/Users/dlev2617/Documents/Code/Agents/github-packages/READY-TO-UPLOAD/PUBLIC/paper-2003-01-the-next-america-revisited,data/modernized/census/AgeMix_Sheet1.csv,,column_2,,empty,0,,,,csv,medium,"Some headers were missing; generated column_N names. Delimiter `,`; sampled first 32 rows."
paper-2003-01,The Next America Revisited,READY-TO-UPLOAD/PUBLIC,/Users/dlev2617/Documents/Code/Agents/github-packages/READY-TO-UPLOAD/PUBLIC/paper-2003-01-the-next-america-revisited,data/modernized/census/AgeMix_Sheet1.csv,,column_3,,empty,0,,,,csv,medium,"Some headers were missing; generated column_N names. Delimiter `,`; sampled first 32 rows."
paper-2003-01,The Next America Revisited,READY-TO-UPLOAD/PUBLIC,/Users/dlev2617/Documents/Code/Agents/github-packages/READY-TO-UPLOAD/PUBLIC/paper-2003-01-the-next-america-revisited,data/modernized/census/AgeMix_Sheet1.csv,,#,,numeric,31,1069 | 2562 | 2179 | 1395 | 1103,350,8251,csv,medium,"Some headers were missing; generated column_N names. Delimiter `,`; sampled first 32 rows."
paper-2003-01,The Next America Revisited,READY-TO-UPLOAD/PUBLIC,/Users/dlev2617/Documents/Code/Agents/github-packages/READY-TO-UPLOAD/PUBLIC/paper-2003-01-the-next-america-revisited,data/modernized/census/AgeMix_Sheet1.csv,,AGE,,numeric,31,0 | 2 | 4 | 5 | 6,0,85,csv,medium,"Some headers were missing; generated column_N names. Delimiter `,`; sampled first 32 rows."
paper-2003-01,The Next America Revisited,READY-TO-UPLOAD/PUBLIC,/Users/dlev2617/Documents/Code/Agents/github-packages/READY-TO-UPLOAD/PUBLIC/paper-2003-01-the-next-america-revisited,data/modernized/census/AgeMix_Sheet1.csv,,POP/YEAR,,numeric,31,1069 | 1281 | 1089.5 | 1395 | 1103,97.2,1650.2,csv,medium,"Some headers were missing; generated column_N names. Delimiter `,`; sampled first 32 rows."
paper-2003-01,The Next America Revisited,READY-TO-UPLOAD/PUBLIC,/Users/dlev2617/Documents/Code/Agents/github-packages/READY-TO-UPLOAD/PUBLIC/paper-2003-01-the-next-america-revisited,data/modernized/census/AgeMix_Sheet1.csv,,Cumulative #,,numeric,31,1069 | 3631 | 5810 | 7205 | 8308,1069,75883,csv,medium,"Some headers were missing; generated column_N names. Delimiter `,`; sampled first 32 rows."
paper-2003-01,The Next America Revisited,READY-TO-UPLOAD/PUBLIC,/Users/dlev2617/Documents/Code/Agents/github-packages/READY-TO-UPLOAD/PUBLIC/paper-2003-01-the-next-america-revisited,data/modernized/census/Race_Race_txt.csv,,AGGREGATE VALUE,,text,36,Universe: Specified owner-occupied housing units | Total | RACE OF HOUSEHOLDER | White | Black,,,csv,medium,"Some headers were missing; generated column_N names. Delimiter `,`; sampled first 40 rows."
paper-2003-01,The Next America Revisited,READY-TO-UPLOAD/PUBLIC,/Users/dlev2617/Documents/Code/Agents/github-packages/READY-TO-UPLOAD/PUBLIC/paper-2003-01-the-next-america-revisited,data/modernized/census/Race_Race_txt.csv,,column_2,,numeric,22,2704068500 | 13351 | 2179 | 27 | 616,27,2704068500,csv,medium,"Some headers were missing; generated column_N names. Delimiter `,`; sampled first 40 rows."
paper-2003-01,The Next America Revisited,READY-TO-UPLOAD/PUBLIC,/Users/dlev2617/Documents/Code/Agents/github-packages/READY-TO-UPLOAD/PUBLIC/paper-2003-01-the-next-america-revisited,data/modernized/census/Race_Race_txt.csv,,column_3,,mixed_numeric_text,12,AGGREGATE VALUE BY RACE OF HOUSEHOLDER | 2230283000 | 355492500 | 4317500 | 108645500,,,csv,medium,"Some headers were missing; generated column_N names. Delimiter `,`; sampled first 40 rows."
paper-2003-01,The Next America Revisited,READY-TO-UPLOAD/PUBLIC,/Users/dlev2617/Documents/Code/Agents/github-packages/READY-TO-UPLOAD/PUBLIC/paper-2003-01-the-next-america-revisited,data/modernized/census/Race_Race_txt.csv,,column_4,,numeric,10,167049.88390382743 | 163144.79118861863 | 159907.40740740742 | 176372.56493506493 | 148055.55555555556,597.573258607,176372.564935,csv,medium,"Some headers were missing; generated column_N names. Delimiter `,`; sampled first 40 rows."
paper-2003-01,The Next America Revisited,READY-TO-UPLOAD/PUBLIC,/Users/dlev2617/Documents/Code/Agents/github-packages/READY-TO-UPLOAD/PUBLIC/paper-2003-01-the-next-america-revisited,data/modernized/census/Race_Race_txt.csv,,column_5,,empty,0,,,,csv,medium,"Some headers were missing; generated column_N names. Delimiter `,`; sampled first 40 rows."
paper-2003-01,The Next America Revisited,READY-TO-UPLOAD/PUBLIC,/Users/dlev2617/Documents/Code/Agents/github-packages/READY-TO-UPLOAD/PUBLIC/paper-2003-01-the-next-america-revisited,data/modernized/census/Race_Race_txt.csv,,column_6,,empty,0,,,,csv,medium,"Some headers were missing; generated column_N names. Delimiter `,`; sampled first 40 rows."
paper-2003-01,The Next America Revisited,READY-TO-UPLOAD/PUBLIC,/Users/dlev2617/Documents/Code/Agents/github-packages/READY-TO-UPLOAD/PUBLIC/paper-2003-01-the-next-america-revisited,data/modernized/census/Race_Race_txt.csv,,column_7,,empty,0,,,,csv,medium,"Some headers were missing; generated column_N names. Delimiter `,`; sampled first 40 rows."
paper-2003-01,The Next America Revisited,READY-TO-UPLOAD/PUBLIC,/Users/dlev2617/Documents/Code/Agents/github-packages/READY-TO-UPLOAD/PUBLIC/paper-2003-01-the-next-america-revisited,data/modernized/census/Race_Race_txt.csv,,column_8,,text,6,"Race | White | Black | American Indian, Eskimo, or Aleut | Asian or Pacific Islander",,,csv,medium,"Some headers were missing; generated column_N names. Delimiter `,`; sampled first 40 rows."
paper-2003-01,The Next America Revisited,READY-TO-UPLOAD/PUBLIC,/Users/dlev2617/Documents/Code/Agents/github-packages/READY-TO-UPLOAD/PUBLIC/paper-2003-01-the-next-america-revisited,data/modernized/census/Race_Race_txt.csv,,column_9,,mixed_numeric_text,7,Homeowners | Number | 13351 | 2179 | 27,,,csv,medium,"Some headers were missing; generated column_N names. Delimiter `,`; sampled first 40 rows."
paper-2003-01,The Next America Revisited,READY-TO-UPLOAD/PUBLIC,/Users/dlev2617/Documents/Code/Agents/github-packages/READY-TO-UPLOAD/PUBLIC/paper-2003-01-the-next-america-revisited,data/modernized/census/Race_Race_txt.csv,,column_10,,mixed_numeric_text,6,Home Value | 167049.88390382743 | 163144.79118861863 | 159907.40740740742 | 176372.56493506493,,,csv,medium,"Some headers were missing; generated column_N names. Delimiter `,`; sampled first 40 rows."
paper-2003-01,The Next America Revisited,READY-TO-UPLOAD/PUBLIC,/Users/dlev2617/Documents/Code/Agents/github-packages/READY-TO-UPLOAD/PUBLIC/paper-2003-01-the-next-america-revisited,data/modernized/census/Race_Race_txt.csv,,column_11,,mixed_numeric_text,7,Renters | Number | 6650 | 2498 | 28,,,csv,medium,"Some headers were missing; generated column_N names. Delimiter `,`; sampled first 40 rows."
paper-2003-01,The Next America Revisited,READY-TO-UPLOAD/PUBLIC,/Users/dlev2617/Documents/Code/Agents/github-packages/READY-TO-UPLOAD/PUBLIC/paper-2003-01-the-next-america-revisited,data/modernized/census/Race_Race_txt.csv,,column_12,,mixed_numeric_text,6,Monthly Rent | 686.1673684210526 | 597.5732586068855 | 653.1071428571429 | 644.1957831325301,,,csv,medium,"Some headers were missing; generated column_N names. Delimiter `,`; sampled first 40 rows."
paper-2003-01,The Next America Revisited,READY-TO-UPLOAD/PUBLIC,/Users/dlev2617/Documents/Code/Agents/github-packages/READY-TO-UPLOAD/PUBLIC/paper-2003-01-the-next-america-revisited,data/modernized/housing/Apartments_Sheet1.csv,,RENTAL PROPERTIES,,text,68,"APARTMENTS, TOWNHOUSES, SINGLE FAMILY HOMES | DORSEY'S SEARCH | Avalon @ Fairway Hills | Bluffs @ Fairway Hills | Island Club",,,csv,medium,"Some headers were missing; generated column_N names. Delimiter `,`; sampled first 85 rows."
paper-2003-01,The Next America Revisited,READY-TO-UPLOAD/PUBLIC,/Users/dlev2617/Documents/Code/Agents/github-packages/READY-TO-UPLOAD/PUBLIC/paper-2003-01-the-next-america-revisited,data/modernized/housing/Apartments_Sheet1.csv,,column_2,,numeric,50,735 | 685 | 790 | 730 | 670,221.186211103,1390,csv,medium,"Some headers were missing; generated column_N names. Delimiter `,`; sampled first 85 rows."
paper-2003-01,The Next America Revisited,READY-TO-UPLOAD/PUBLIC,/Users/dlev2617/Documents/Code/Agents/github-packages/READY-TO-UPLOAD/PUBLIC/paper-2003-01-the-next-america-revisited,data/modernized/housing/Apartments_Sheet1.csv,,column_3,,numeric,50,1235 | 835 | 1115 | 850 | 930,262.296320845,1735,csv,medium,"Some headers were missing; generated column_N names. Delimiter `,`; sampled first 85 rows."
paper-2003-01,The Next America Revisited,READY-TO-UPLOAD/PUBLIC,/Users/dlev2617/Documents/Code/Agents/github-packages/READY-TO-UPLOAD/PUBLIC/paper-2003-01-the-next-america-revisited,data/modernized/housing/Apartments_Sheet1.csv,,column_4,,numeric,9,736.6666666666666 | 664.125 | 902.3076923076923 | 733.6666666666666 | 754.5,625.2,902.307692308,csv,medium,"Some headers were missing; generated column_N names. Delimiter `,`; sampled first 85 rows."
paper-2003-01,The Next America Revisited,READY-TO-UPLOAD/PUBLIC,/Users/dlev2617/Documents/Code/Agents/github-packages/READY-TO-UPLOAD/PUBLIC/paper-2003-01-the-next-america-revisited,data/modernized/housing/Apartments_Sheet1.csv,,column_5,,numeric,9,1061.6666666666667 | 853.625 | 1156.5384615384614 | 980.3333333333334 | 996.3333333333334,853.625,1390,csv,medium,"Some headers were missing; generated column_N names. Delimiter `,`; sampled first 85 rows."
paper-2003-01,The Next America Revisited,READY-TO-UPLOAD/PUBLIC,/Users/dlev2617/Documents/Code/Agents/github-packages/READY-TO-UPLOAD/PUBLIC/paper-2003-01-the-next-america-revisited,data/modernized/housing/Apartments_Sheet1.csv,,column_6,,empty,0,,,,csv,medium,"Some headers were missing; generated column_N names. Delimiter `,`; sampled first 85 rows."
paper-2003-01,The Next America Revisited,READY-TO-UPLOAD/PUBLIC,/Users/dlev2617/Documents/Code/Agents/github-packages/READY-TO-UPLOAD/PUBLIC/paper-2003-01-the-next-america-revisited,data/modernized/housing/Apartments_Sheet1.csv,,column_7,,empty,0,,,,csv,medium,"Some headers were missing; generated column_N names. Delimiter `,`; sampled first 85 rows."
paper-2003-01,The Next America Revisited,READY-TO-UPLOAD/PUBLIC,/Users/dlev2617/Documents/Code/Agents/github-packages/READY-TO-UPLOAD/PUBLIC/paper-2003-01-the-next-america-revisited,data/modernized/housing/Apartments_Sheet1.csv,,column_8,,text,11,DORSEY'S SEARCH | HARPERS CHOICE | HICKORY RIDGE | KINGS CONTRIVANCE | LONG REACH,,,csv,medium,"Some headers were missing; generated column_N names. Delimiter `,`; sampled first 85 rows."
paper-2003-01,The Next America Revisited,READY-TO-UPLOAD/PUBLIC,/Users/dlev2617/Documents/Code/Agents/github-packages/READY-TO-UPLOAD/PUBLIC/paper-2003-01-the-next-america-revisited,data/modernized/housing/Apartments_Sheet1.csv,,column_9,,mixed_numeric_text,12,Average Low End | 736.6666666666666 | 664.125 | 902.3076923076923 | 733.6666666666666,,,csv,medium,"Some headers were missing; generated column_N names. Delimiter `,`; sampled first 85 rows."
paper-2003-01,The Next America Revisited,READY-TO-UPLOAD/PUBLIC,/Users/dlev2617/Documents/Code/Agents/github-packages/READY-TO-UPLOAD/PUBLIC/paper-2003-01-the-next-america-revisited,data/modernized/housing/Apartments_Sheet1.csv,,column_10,,mixed_numeric_text,12,Average High End | 1061.6666666666667 | 853.625 | 1156.5384615384614 | 980.3333333333334,,,csv,medium,"Some headers were missing; generated column_N names. Delimiter `,`; sampled first 85 rows."
paper-2003-01,The Next America Revisited,READY-TO-UPLOAD/PUBLIC,/Users/dlev2617/Documents/Code/Agents/github-packages/READY-TO-UPLOAD/PUBLIC/paper-2003-01-the-next-america-revisited,data/modernized/schools/HowCoSchooldatabase_Data.csv,,School,,text,27,Wilde Lake HS | Oakland Mills HS | Long Reach HS | Hammond HS | River Hill HS,,,csv,medium,"Some headers were missing; generated column_N names. Delimiter `,`; sampled first 37 rows."
paper-2003-01,The Next America Revisited,READY-TO-UPLOAD/PUBLIC,/Users/dlev2617/Documents/Code/Agents/github-packages/READY-TO-UPLOAD/PUBLIC/paper-2003-01-the-next-america-revisited,data/modernized/schools/HowCoSchooldatabase_Data.csv,,Type,,text,24,HS | MS | ES,,,csv,medium,"Some headers were missing; generated column_N names. Delimiter `,`; sampled first 37 rows."
paper-2003-01,The Next America Revisited,READY-TO-UPLOAD/PUBLIC,/Users/dlev2617/Documents/Code/Agents/github-packages/READY-TO-UPLOAD/PUBLIC/paper-2003-01-the-next-america-revisited,data/modernized/schools/HowCoSchooldatabase_Data.csv,,Year,,mixed_numeric_text,29,1996 | 1973 | 1976 | 1994 | Total,,,csv,medium,"Some headers were missing; generated column_N names. Delimiter `,`; sampled first 37 rows."
paper-2003-01,The Next America Revisited,READY-TO-UPLOAD/PUBLIC,/Users/dlev2617/Documents/Code/Agents/github-packages/READY-TO-UPLOAD/PUBLIC/paper-2003-01-the-next-america-revisited,data/modernized/schools/HowCoSchooldatabase_Data.csv,,Capacity,,mixed_numeric_text,29,1332 | 1057 | 6385 | Capacity | 506,,,csv,medium,"Some headers were missing; generated column_N names. Delimiter `,`; sampled first 37 rows."
paper-2003-01,The Next America Revisited,READY-TO-UPLOAD/PUBLIC,/Users/dlev2617/Documents/Code/Agents/github-packages/READY-TO-UPLOAD/PUBLIC/paper-2003-01-the-next-america-revisited,data/modernized/schools/HowCoSchooldatabase_Data.csv,,Enrollment,,mixed_numeric_text,29,1466 | 968 | 1422 | 1261 | 1572,,,csv,medium,"Some headers were missing; generated column_N names. Delimiter `,`; sampled first 37 rows."
paper-2003-01,The Next America Revisited,READY-TO-UPLOAD/PUBLIC,/Users/dlev2617/Documents/Code/Agents/github-packages/READY-TO-UPLOAD/PUBLIC/paper-2003-01-the-next-america-revisited,data/modernized/schools/HowCoSchooldatabase_Data.csv,,E/C,,mixed_numeric_text,26,1.1006006006006006 | 0.9157994323557237 | 1.0675675675675675 | 0.9466966966966966 | 1.1801801801801801,,,csv,medium,"Some headers were missing; generated column_N names. Delimiter `,`; sampled first 37 rows."
paper-2003-01,The Next America Revisited,READY-TO-UPLOAD/PUBLIC,/Users/dlev2617/Documents/Code/Agents/github-packages/READY-TO-UPLOAD/PUBLIC/paper-2003-01-the-next-america-revisited,data/modernized/schools/HowCoSchooldatabase_Data.csv,,White,,mixed_numeric_text,29,56.4 | 55.6 | 56.7 | 72.3 | 79.3,,,csv,medium,"Some headers were missing; generated column_N names. Delimiter `,`; sampled first 37 rows."
paper-2003-01,The Next America Revisited,READY-TO-UPLOAD/PUBLIC,/Users/dlev2617/Documents/Code/Agents/github-packages/READY-TO-UPLOAD/PUBLIC/paper-2003-01-the-next-america-revisited,data/modernized/schools/HowCoSchooldatabase_Data.csv,,Black,,mixed_numeric_text,29,33 | 34.7 | 27.7 | 20 | 7.1,,,csv,medium,"Some headers were missing; generated column_N names. Delimiter `,`; sampled first 37 rows."
paper-2003-01,The Next America Revisited,READY-TO-UPLOAD/PUBLIC,/Users/dlev2617/Documents/Code/Agents/github-packages/READY-TO-UPLOAD/PUBLIC/paper-2003-01-the-next-america-revisited,data/modernized/schools/HowCoSchooldatabase_Data.csv,,Asian,,mixed_numeric_text,29,7.8 | 6.1 | 11.3 | 6 | 12.5,,,csv,medium,"Some headers were missing; generated column_N names. Delimiter `,`; sampled first 37 rows."
paper-2003-01,The Next America Revisited,READY-TO-UPLOAD/PUBLIC,/Users/dlev2617/Documents/Code/Agents/github-packages/READY-TO-UPLOAD/PUBLIC/paper-2003-01-the-next-america-revisited,data/modernized/schools/HowCoSchooldatabase_Data.csv,,Hispanic,,mixed_numeric_text,29,2.5 | 3.5 | 4.3 | 1.5 | 1.1,,,csv,medium,"Some headers were missing; generated column_N names. Delimiter `,`; sampled first 37 rows."
paper-2003-01,The Next America Revisited,READY-TO-UPLOAD/PUBLIC,/Users/dlev2617/Documents/Code/Agents/github-packages/READY-TO-UPLOAD/PUBLIC/paper-2003-01-the-next-america-revisited,data/modernized/schools/HowCoSchooldatabase_Data.csv,,Other,,mixed_numeric_text,29,0.3000000000000016 | 0.09999999999999609 | 0 | 0.20000000000000284 | 1.7763568394002505e-15,,,csv,medium,"Some headers were missing; generated column_N names. Delimiter `,`; sampled first 37 rows."
paper-2003-01,The Next America Revisited,READY-TO-UPLOAD/PUBLIC,/Users/dlev2617/Documents/Code/Agents/github-packages/READY-TO-UPLOAD/PUBLIC/paper-2003-01-the-next-america-revisited,data/modernized/schools/HowCoSchooldatabase_Data.csv,,Whites,,mixed_numeric_text,32,826.824 | 538.2080000000001 | 806.2740000000001 | 911.703 | 1246.5959999999998,,,csv,medium,"Some headers were missing; generated column_N names. Delimiter `,`; sampled first 37 rows."
paper-2003-01,The Next America Revisited,READY-TO-UPLOAD/PUBLIC,/Users/dlev2617/Documents/Code/Agents/github-packages/READY-TO-UPLOAD/PUBLIC/paper-2003-01-the-next-america-revisited,data/modernized/schools/HowCoSchooldatabase_Data.csv,,Blacks,,mixed_numeric_text,32,483.78000000000003 | 335.896 | 393.89399999999995 | 252.20000000000002 | 111.612,,,csv,medium,"Some headers were missing; generated column_N names. Delimiter `,`; sampled first 37 rows."
paper-2003-01,The Next America Revisited,READY-TO-UPLOAD/PUBLIC,/Users/dlev2617/Documents/Code/Agents/github-packages/READY-TO-UPLOAD/PUBLIC/paper-2003-01-the-next-america-revisited,data/modernized/schools/HowCoSchooldatabase_Data.csv,,Asians,,mixed_numeric_text,32,114.348 | 59.048 | 160.686 | 75.66 | 196.5,,,csv,medium,"Some headers were missing; generated column_N names. Delimiter `,`; sampled first 37 rows."
paper-2003-01,The Next America Revisited,READY-TO-UPLOAD/PUBLIC,/Users/dlev2617/Documents/Code/Agents/github-packages/READY-TO-UPLOAD/PUBLIC/paper-2003-01-the-next-america-revisited,data/modernized/schools/HowCoSchooldatabase_Data.csv,,Hispanics,,mixed_numeric_text,32,36.65 | 33.88 | 61.145999999999994 | 18.915 | 17.292,,,csv,medium,"Some headers were missing; generated column_N names. Delimiter `,`; sampled first 37 rows."
paper-2003-01,The Next America Revisited,READY-TO-UPLOAD/PUBLIC,/Users/dlev2617/Documents/Code/Agents/github-packages/READY-TO-UPLOAD/PUBLIC/paper-2003-01-the-next-america-revisited,data/modernized/schools/HowCoSchooldatabase_Data.csv,,Total,,mixed_numeric_text,29,1461.602 | 967.032 | 1422 | 1258.478 | 1571.9999999999998,,,csv,medium,"Some headers were missing; generated column_N names. Delimiter `,`; sampled first 37 rows."
paper-2003-01,The Next America Revisited,READY-TO-UPLOAD/PUBLIC,/Users/dlev2617/Documents/Code/Agents/github-packages/READY-TO-UPLOAD/PUBLIC/paper-2003-01-the-next-america-revisited,data/modernized/schools/HowCoSchooldatabase_Data.csv,,DISS(w/b),,mixed_numeric_text,29,0.11572821447811607 | 0.08863644771893757 | 0.06349031166327632 | 0.05068899794940143 | 0.21716597591092843,,,csv,medium,"Some headers were missing; generated column_N names. Delimiter `,`; sampled first 37 rows."
paper-2003-01,The Next America Revisited,READY-TO-UPLOAD/PUBLIC,/Users/dlev2617/Documents/Code/Agents/github-packages/READY-TO-UPLOAD/PUBLIC/paper-2003-01-the-next-america-revisited,data/modernized/schools/HowCoSchooldatabase_Data.csv,,DISS(w/a),,mixed_numeric_text,29,0.0023520992706109467 | 0.026908751366936823 | 0.0788291152013072 | 0.08577252791328564 | 0.03620426334952642,,,csv,medium,"Some headers were missing; generated column_N names. Delimiter `,`; sampled first 37 rows."
paper-2003-01,The Next America Revisited,READY-TO-UPLOAD/PUBLIC,/Users/dlev2617/Documents/Code/Agents/github-packages/READY-TO-UPLOAD/PUBLIC/paper-2003-01-the-next-america-revisited,data/modernized/schools/HowCoSchooldatabase_Data.csv,,DISS(b/a),,mixed_numeric_text,29,0.11808031374872702 | 0.11554519908587439 | 0.015338803538030882 | 0.03508352996388421 | 0.2533702392604549,,,csv,medium,"Some headers were missing; generated column_N names. Delimiter `,`; sampled first 37 rows."
paper-2003-01,The Next America Revisited,READY-TO-UPLOAD/PUBLIC,/Users/dlev2617/Documents/Code/Agents/github-packages/READY-TO-UPLOAD/PUBLIC/paper-2003-01-the-next-america-revisited,data/modernized/schools/HowCoSchooldatabase_Data.csv,,DISS(w/h),,mixed_numeric_text,29,0.027336951016505517 | 0.07749841144178866 | 0.17799448292762016 | 0.09790642402538823 | 0.18492342136052586,,,csv,medium,"Some headers were missing; generated column_N names. Delimiter `,`; sampled first 37 rows."
paper-2003-01,The Next America Revisited,READY-TO-UPLOAD/PUBLIC,/Users/dlev2617/Documents/Code/Agents/github-packages/READY-TO-UPLOAD/PUBLIC/paper-2003-01-the-next-america-revisited,data/modernized/schools/HowCoSchooldatabase_Data.csv,,DISS(b/h),,mixed_numeric_text,29,0.08839126346161055 | 0.011138036277148905 | 0.11450417126434384 | 0.04721742607598679 | 0.03224255455040256,,,csv,medium,"Some headers were missing; generated column_N names. Delimiter `,`; sampled first 37 rows."
paper-2003-01,The Next America Revisited,READY-TO-UPLOAD/PUBLIC,/Users/dlev2617/Documents/Code/Agents/github-packages/READY-TO-UPLOAD/PUBLIC/paper-2003-01-the-next-america-revisited,data/modernized/schools/HowCoSchooldatabase_Data.csv,,DISS(a/h),,mixed_numeric_text,29,0.029689050287116464 | 0.10440716280872549 | 0.09916536772631296 | 0.012133896112102582 | 0.22112768471005229,,,csv,medium,"Some headers were missing; generated column_N names. Delimiter `,`; sampled first 37 rows."
paper-2003-01,The Next America Revisited,READY-TO-UPLOAD/PUBLIC,/Users/dlev2617/Documents/Code/Agents/github-packages/READY-TO-UPLOAD/PUBLIC/paper-2003-01-the-next-america-revisited,data/modernized/schools/HowCoSchooldatabase_Data.csv,,Total/white,,mixed_numeric_text,29,0.027796431251475795 | 0.020432375289873947 | 0.026615366278435443 | 0.022210620928863806 | 0.05263355189092139,,,csv,medium,"Some headers were missing; generated column_N names. Delimiter `,`; sampled first 37 rows."
paper-2003-01,The Next America Revisited,READY-TO-UPLOAD/PUBLIC,/Users/dlev2617/Documents/Code/Agents/github-packages/READY-TO-UPLOAD/PUBLIC/paper-2003-01-the-next-america-revisited,data/modernized/schools/HowCoSchooldatabase_Data.csv,,Total/black,,mixed_numeric_text,29,0.08793178322664028 | 0.06820407242906362 | 0.036874945384840874 | 0.028478377020537626 | 0.16453242402000703,,,csv,medium,"Some headers were missing; generated column_N names. Delimiter `,`; sampled first 37 rows."
paper-2003-01,The Next America Revisited,READY-TO-UPLOAD/PUBLIC,/Users/dlev2617/Documents/Code/Agents/github-packages/READY-TO-UPLOAD/PUBLIC/paper-2003-01-the-next-america-revisited,data/modernized/schools/HowCoSchooldatabase_Data.csv,,Total/asian,,mixed_numeric_text,29,0.03014853052208674 | 0.04734112665681077 | 0.052213748922871756 | 0.06356190698442184 | 0.08883781524044781,,,csv,medium,"Some headers were missing; generated column_N names. Delimiter `,`; sampled first 37 rows."
paper-2003-01,The Next America Revisited,READY-TO-UPLOAD/PUBLIC,/Users/dlev2617/Documents/Code/Agents/github-packages/READY-TO-UPLOAD/PUBLIC/paper-2003-01-the-next-america-revisited,data/modernized/schools/HowCoSchooldatabase_Data.csv,,Total/hispanic,,mixed_numeric_text,29,0.00045948023497027757 | 0.05706603615191472 | 0.15137911664918471 | 0.07569580309652442 | 0.13228986946960447,,,csv,medium,"Some headers were missing; generated column_N names. Delimiter `,`; sampled first 37 rows."
paper-2003-01,The Next America Revisited,READY-TO-UPLOAD/PUBLIC,/Users/dlev2617/Documents/Code/Agents/github-packages/READY-TO-UPLOAD/PUBLIC/paper-2003-01-the-next-america-revisited,data/modernized/schools/HowCoSchooldatabase_Data.csv,,column_27,,empty,0,,,,csv,medium,"Some headers were missing; generated column_N names. Delimiter `,`; sampled first 37 rows."
paper-2003-01,The Next America Revisited,READY-TO-UPLOAD/PUBLIC,/Users/dlev2617/Documents/Code/Agents/github-packages/READY-TO-UPLOAD/PUBLIC/paper-2003-01-the-next-america-revisited,data/modernized/schools/HowCoSchooldatabase_Data.csv,,column_28,,empty,0,,,,csv,medium,"Some headers were missing; generated column_N names. Delimiter `,`; sampled first 37 rows."
paper-2003-01,The Next America Revisited,READY-TO-UPLOAD/PUBLIC,/Users/dlev2617/Documents/Code/Agents/github-packages/READY-TO-UPLOAD/PUBLIC/paper-2003-01-the-next-america-revisited,data/modernized/schools/HowCoSchooldatabase_Data.csv,,School_2,,text,26,Wilde Lake HS | Oakland Mills HS | Long Reach HS | Hammond HS | River Hill HS,,,csv,medium,"Some headers were missing; generated column_N names. Delimiter `,`; sampled first 37 rows."
paper-2003-01,The Next America Revisited,READY-TO-UPLOAD/PUBLIC,/Users/dlev2617/Documents/Code/Agents/github-packages/READY-TO-UPLOAD/PUBLIC/paper-2003-01-the-next-america-revisited,data/modernized/schools/HowCoSchooldatabase_Data.csv,,FreeLunch,,mixed_numeric_text,26,13 | 15.4 | 12.7 | 1.1 | 1.6,,,csv,medium,"Some headers were missing; generated column_N names. Delimiter `,`; sampled first 37 rows."
paper-2003-01,The Next America Revisited,READY-TO-UPLOAD/PUBLIC,/Users/dlev2617/Documents/Code/Agents/github-packages/READY-TO-UPLOAD/PUBLIC/paper-2003-01-the-next-america-revisited,data/modernized/schools/HowCoSchooldatabase_Data.csv,,Limited English,,mixed_numeric_text,26,2.5 | 1.1 | 4.5 | 0 | 0.9,,,csv,medium,"Some headers were missing; generated column_N names. Delimiter `,`; sampled first 37 rows."
paper-2003-01,The Next America Revisited,READY-TO-UPLOAD/PUBLIC,/Users/dlev2617/Documents/Code/Agents/github-packages/READY-TO-UPLOAD/PUBLIC/paper-2003-01-the-next-america-revisited,data/modernized/schools/HowCoSchooldatabase_Data.csv,,SpecialEd,,mixed_numeric_text,26,8.8 | 12.2 | 10.2 | 5.9 | 5.6,,,csv,medium,"Some headers were missing; generated column_N names. Delimiter `,`; sampled first 37 rows."
paper-2003-01,The Next America Revisited,READY-TO-UPLOAD/PUBLIC,/Users/dlev2617/Documents/Code/Agents/github-packages/READY-TO-UPLOAD/PUBLIC/paper-2003-01-the-next-america-revisited,data/modernized/schools/HowCoSchooldatabase_Data.csv,,SchoolBuses,,mixed_numeric_text,26,20 | 8 | 26 | 32 | SchoolBuses,,,csv,medium,"Some headers were missing; generated column_N names. Delimiter `,`; sampled first 37 rows."
paper-2003-01,The Next America Revisited,READY-TO-UPLOAD/PUBLIC,/Users/dlev2617/Documents/Code/Agents/github-packages/READY-TO-UPLOAD/PUBLIC/paper-2003-01-the-next-america-revisited,data/modernized/schools/HowCoSchooldatabase_Data.csv,,Entrants,,mixed_numeric_text,26,7.9 | 6.3 | 5.8 | 1.6 | Entrants,,,csv,medium,"Some headers were missing; generated column_N names. Delimiter `,`; sampled first 37 rows."
paper-2003-01,The Next America Revisited,READY-TO-UPLOAD/PUBLIC,/Users/dlev2617/Documents/Code/Agents/github-packages/READY-TO-UPLOAD/PUBLIC/paper-2003-01-the-next-america-revisited,data/modernized/schools/HowCoSchooldatabase_Data.csv,,Withdrawls,,mixed_numeric_text,26,7.3 | 10.1 | 6.7 | 4 | 3.1,,,csv,medium,"Some headers were missing; generated column_N names. Delimiter `,`; sampled first 37 rows."
paper-2003-01,The Next America Revisited,READY-TO-UPLOAD/PUBLIC,/Users/dlev2617/Documents/Code/Agents/github-packages/READY-TO-UPLOAD/PUBLIC/paper-2003-01-the-next-america-revisited,data/modernized/schools/HowCoSchooldatabase_Data.csv,,Computers,,mixed_numeric_text,26,309 | 144 | 216 | 242 | 263,,,csv,medium,"Some headers were missing; generated column_N names. Delimiter `,`; sampled first 37 rows."
paper-2003-01,The Next America Revisited,READY-TO-UPLOAD/PUBLIC,/Users/dlev2617/Documents/Code/Agents/github-packages/READY-TO-UPLOAD/PUBLIC/paper-2003-01-the-next-america-revisited,data/modernized/schools/HowCoSchooldatabase_Data.csv,,Computers/Student,,mixed_numeric_text,26,0.21077762619372442 | 0.1487603305785124 | 0.1518987341772152 | 0.19191118160190326 | 0.1673027989821883,,,csv,medium,"Some headers were missing; generated column_N names. Delimiter `,`; sampled first 37 rows."
paper-2003-01,The Next America Revisited,READY-TO-UPLOAD/PUBLIC,/Users/dlev2617/Documents/Code/Agents/github-packages/READY-TO-UPLOAD/PUBLIC/paper-2003-01-the-next-america-revisited,data/modernized/schools/HowCoSchooldatabase_Data.csv,,SAT,,mixed_numeric_text,26,1092 | 1064 | 1010 | 1041 | 1103,,,csv,medium,"Some headers were missing; generated column_N names. Delimiter `,`; sampled first 37 rows."
paper-2003-01,The Next America Revisited,READY-TO-UPLOAD/PUBLIC,/Users/dlev2617/Documents/Code/Agents/github-packages/READY-TO-UPLOAD/PUBLIC/paper-2003-01-the-next-america-revisited,data/modernized/schools/HowCoSchooldatabase_Data.csv,,column_39,,mixed_numeric_text,21,CTBS Lang (G6) | 61 | 55 | 68 | 62,,,csv,medium,"Some headers were missing; generated column_N names. Delimiter `,`; sampled first 37 rows."
paper-2003-01,The Next America Revisited,READY-TO-UPLOAD/PUBLIC,/Users/dlev2617/Documents/Code/Agents/github-packages/READY-TO-UPLOAD/PUBLIC/paper-2003-01-the-next-america-revisited,data/modernized/schools/HowCoSchooldatabase_Data.csv,,column_40,,mixed_numeric_text,21,CTBS Math (G6) | 55 | 48 | 62 | 52,,,csv,medium,"Some headers were missing; generated column_N names. Delimiter `,`; sampled first 37 rows."
paper-2003-01,The Next America Revisited,READY-TO-UPLOAD/PUBLIC,/Users/dlev2617/Documents/Code/Agents/github-packages/READY-TO-UPLOAD/PUBLIC/paper-2003-01-the-next-america-revisited,data/modernized/schools/HowCoSchooldatabase_Data.csv,,column_41,,mixed_numeric_text,21,Title I | 0 | 0.24 | 0.23 | 0.1,,,csv,medium,"Some headers were missing; generated column_N names. Delimiter `,`; sampled first 37 rows."
paper-2003-01,The Next America Revisited,READY-TO-UPLOAD/PUBLIC,/Users/dlev2617/Documents/Code/Agents/github-packages/READY-TO-UPLOAD/PUBLIC/paper-2003-01-the-next-america-revisited,data/modernized/schools/HowCoSchooldatabase_Data.csv,,column_42,,empty,0,,,,csv,medium,"Some headers were missing; generated column_N names. Delimiter `,`; sampled first 37 rows."
paper-2003-01,The Next America Revisited,READY-TO-UPLOAD/PUBLIC,/Users/dlev2617/Documents/Code/Agents/github-packages/READY-TO-UPLOAD/PUBLIC/paper-2003-01-the-next-america-revisited,data/modernized/schools/HowCoSchooldatabase_Data.csv,,Enroll/Capacity,,mixed_numeric_text,26,1.1006006006006006 | 0.9157994323557237 | 1.0675675675675675 | 0.9466966966966966 | 1.1801801801801801,,,csv,medium,"Some headers were missing; generated column_N names. Delimiter `,`; sampled first 37 rows."
paper-2003-01,The Next America Revisited,READY-TO-UPLOAD/PUBLIC,/Users/dlev2617/Documents/Code/Agents/github-packages/READY-TO-UPLOAD/PUBLIC/paper-2003-01-the-next-america-revisited,data/modernized/schools/HowCoSchooldatabase_Data.csv,,AfricanAmerican,,mixed_numeric_text,26,33 | 34.7 | 27.7 | 20 | 7.1,,,csv,medium,"Some headers were missing; generated column_N names. Delimiter `,`; sampled first 37 rows."
paper-2003-01,The Next America Revisited,READY-TO-UPLOAD/PUBLIC,/Users/dlev2617/Documents/Code/Agents/github-packages/READY-TO-UPLOAD/PUBLIC/paper-2003-01-the-next-america-revisited,data/modernized/schools/HowCoSchooldatabase_Dissimilarity.csv,,Dissimilarity Index,,text,10,White/black | White/asian | Black/asian | White/hispanic | Black/hispanic,,,csv,medium,"Headers inferred from first row. Delimiter `,`; sampled first 11 rows."
paper-2003-01,The Next America Revisited,READY-TO-UPLOAD/PUBLIC,/Users/dlev2617/Documents/Code/Agents/github-packages/READY-TO-UPLOAD/PUBLIC/paper-2003-01-the-next-america-revisited,data/modernized/schools/HowCoSchooldatabase_Dissimilarity.csv,,High School,,numeric,10,0.2678549738603299 | 0.11503337855083351 | 0.26870904279848573 | 0.2828298453859142 | 0.14674672581474635,0.0748441728198,0.282829845386,csv,medium,"Headers inferred from first row. Delimiter `,`; sampled first 11 rows."
paper-2003-01,The Next America Revisited,READY-TO-UPLOAD/PUBLIC,/Users/dlev2617/Documents/Code/Agents/github-packages/READY-TO-UPLOAD/PUBLIC/paper-2003-01-the-next-america-revisited,data/modernized/schools/HowCoSchooldatabase_Dissimilarity.csv,,Middle School,,numeric,10,0.06450242012106931 | 0.08454277125751512 | 0.06256634976375064 | 0.11555430771024833 | 0.11564208526820148,0.0309820593369,0.178208435032,csv,medium,"Headers inferred from first row. Delimiter `,`; sampled first 11 rows."
paper-2003-01,The Next America Revisited,READY-TO-UPLOAD/PUBLIC,/Users/dlev2617/Documents/Code/Agents/github-packages/READY-TO-UPLOAD/PUBLIC/paper-2003-01-the-next-america-revisited,data/modernized/schools/HowCoSchooldatabase_Dissimilarity.csv,,Elementary School,,numeric,10,0.37237465743508386 | 0.19151728929176537 | 0.3960745520796022 | 0.4755000666280628 | 0.2205196367629838,0.131000731789,0.475500066628,csv,medium,"Headers inferred from first row. Delimiter `,`; sampled first 11 rows."
paper-2003-01,The Next America Revisited,READY-TO-UPLOAD/PUBLIC,/Users/dlev2617/Documents/Code/Agents/github-packages/READY-TO-UPLOAD/PUBLIC/paper-2003-01-the-next-america-revisited,data/modernized/schools/HowCoSchooldatabase_ES-Corr.csv,,column_1,,text,21,Year | Capacity | Enrollment | Enroll/Capacity | White,,,csv,medium,"Some headers were missing; generated column_N names. Delimiter `,`; sampled first 22 rows."
paper-2003-01,The Next America Revisited,READY-TO-UPLOAD/PUBLIC,/Users/dlev2617/Documents/Code/Agents/github-packages/READY-TO-UPLOAD/PUBLIC/paper-2003-01-the-next-america-revisited,data/modernized/schools/HowCoSchooldatabase_ES-Corr.csv,,Year,,numeric,21,1 | 0.6006463743943379 | 0.5235264519557313 | -0.0017604422332905397 | 0.07719725778997752,-0.307020722456,1,csv,medium,"Some headers were missing; generated column_N names. Delimiter `,`; sampled first 22 rows."
paper-2003-01,The Next America Revisited,READY-TO-UPLOAD/PUBLIC,/Users/dlev2617/Documents/Code/Agents/github-packages/READY-TO-UPLOAD/PUBLIC/paper-2003-01-the-next-america-revisited,data/modernized/schools/HowCoSchooldatabase_ES-Corr.csv,,Capacity,,numeric,20,1 | 0.9532272959998453 | 0.4001412735116716 | 0.28765131380401027 | -0.44569849980898163,-0.642208195469,1,csv,medium,"Some headers were missing; generated column_N names. Delimiter `,`; sampled first 22 rows."
paper-2003-01,The Next America Revisited,READY-TO-UPLOAD/PUBLIC,/Users/dlev2617/Documents/Code/Agents/github-packages/READY-TO-UPLOAD/PUBLIC/paper-2003-01-the-next-america-revisited,data/modernized/schools/HowCoSchooldatabase_ES-Corr.csv,,Enrollment,,numeric,19,1 | 0.6523108333975994 | 0.39571485561931297 | -0.5453695631057455 | 0.8087316141841422,-0.744374318172,1,csv,medium,"Some headers were missing; generated column_N names. Delimiter `,`; sampled first 22 rows."
paper-2003-01,The Next America Revisited,READY-TO-UPLOAD/PUBLIC,/Users/dlev2617/Documents/Code/Agents/github-packages/READY-TO-UPLOAD/PUBLIC/paper-2003-01-the-next-america-revisited,data/modernized/schools/HowCoSchooldatabase_ES-Corr.csv,,Enroll/Capacity,,numeric,18,1 | 0.48294666236918016 | -0.5168736360471174 | 0.39535019415521444 | -0.3631618373473255,-0.688672322427,1,csv,medium,"Some headers were missing; generated column_N names. Delimiter `,`; sampled first 22 rows."
paper-2003-01,The Next America Revisited,READY-TO-UPLOAD/PUBLIC,/Users/dlev2617/Documents/Code/Agents/github-packages/READY-TO-UPLOAD/PUBLIC/paper-2003-01-the-next-america-revisited,data/modernized/schools/HowCoSchooldatabase_ES-Corr.csv,,White,,numeric,17,1 | -0.948397751590397 | 0.41401143529805884 | -0.774310414969389 | -0.2672964394763034,-0.952274796104,1,csv,medium,"Some headers were missing; generated column_N names. Delimiter `,`; sampled first 22 rows."
paper-2003-01,The Next America Revisited,READY-TO-UPLOAD/PUBLIC,/Users/dlev2617/Documents/Code/Agents/github-packages/READY-TO-UPLOAD/PUBLIC/paper-2003-01-the-next-america-revisited,data/modernized/schools/HowCoSchooldatabase_ES-Corr.csv,,African-American,,numeric,16,1 | -0.6366409002538956 | 0.6122204138586758 | 0.27653446348560456 | 0.9118552853419797,-0.868767401677,1,csv,medium,"Some headers were missing; generated column_N names. Delimiter `,`; sampled first 22 rows."
paper-2003-01,The Next America Revisited,READY-TO-UPLOAD/PUBLIC,/Users/dlev2617/Documents/Code/Agents/github-packages/READY-TO-UPLOAD/PUBLIC/paper-2003-01-the-next-america-revisited,data/modernized/schools/HowCoSchooldatabase_ES-Corr.csv,,Asian,,numeric,15,1 | -0.2611308054666651 | -0.09442506732724958 | -0.506861668930404 | -0.15525877922672696,-0.56255448501,1,csv,medium,"Some headers were missing; generated column_N names. Delimiter `,`; sampled first 22 rows."
paper-2003-01,The Next America Revisited,READY-TO-UPLOAD/PUBLIC,/Users/dlev2617/Documents/Code/Agents/github-packages/READY-TO-UPLOAD/PUBLIC/paper-2003-01-the-next-america-revisited,data/modernized/schools/HowCoSchooldatabase_ES-Corr.csv,,Hispanic,,numeric,14,1 | -0.0076963437717618415 | 0.8245610966224144 | 0.8402511230816228 | 0.5956410347229847,-0.499379759291,1,csv,medium,"Some headers were missing; generated column_N names. Delimiter `,`; sampled first 22 rows."
paper-2003-01,The Next America Revisited,READY-TO-UPLOAD/PUBLIC,/Users/dlev2617/Documents/Code/Agents/github-packages/READY-TO-UPLOAD/PUBLIC/paper-2003-01-the-next-america-revisited,data/modernized/schools/HowCoSchooldatabase_ES-Corr.csv,,Other,,numeric,13,1 | 0.18520979233769636 | 0.13512635511255425 | -0.06127566135449691 | -0.22951674019753637,-0.316127590549,1,csv,medium,"Some headers were missing; generated column_N names. Delimiter `,`; sampled first 22 rows."
paper-2003-01,The Next America Revisited,READY-TO-UPLOAD/PUBLIC,/Users/dlev2617/Documents/Code/Agents/github-packages/READY-TO-UPLOAD/PUBLIC/paper-2003-01-the-next-america-revisited,data/modernized/schools/HowCoSchooldatabase_ES-Corr.csv,,FreeLunch,,numeric,12,1 | 0.7668063455197525 | 0.36325360827156356 | -0.29049264664579866 | 0.9196326227064995,-0.769025635633,1,csv,medium,"Some headers were missing; generated column_N names. Delimiter `,`; sampled first 22 rows."
paper-2003-01,The Next America Revisited,READY-TO-UPLOAD/PUBLIC,/Users/dlev2617/Documents/Code/Agents/github-packages/READY-TO-UPLOAD/PUBLIC/paper-2003-01-the-next-america-revisited,data/modernized/schools/HowCoSchooldatabase_ES-Corr.csv,,Limited English,,numeric,11,1 | 0.43530444695623166 | -0.039616727116891105 | 0.7838275730908275 | 0.6525930603893972,-0.510182379494,1,csv,medium,"Some headers were missing; generated column_N names. Delimiter `,`; sampled first 22 rows."
paper-2003-01,The Next America Revisited,READY-TO-UPLOAD/PUBLIC,/Users/dlev2617/Documents/Code/Agents/github-packages/READY-TO-UPLOAD/PUBLIC/paper-2003-01-the-next-america-revisited,data/modernized/schools/HowCoSchooldatabase_ES-Corr.csv,,SpecialEd,,numeric,10,1 | -0.3143182679820582 | 0.2297420673869595 | 0.6817108769611948 | -0.18006822227826275,-0.314318267982,1,csv,medium,"Some headers were missing; generated column_N names. Delimiter `,`; sampled first 22 rows."
paper-2003-01,The Next America Revisited,READY-TO-UPLOAD/PUBLIC,/Users/dlev2617/Documents/Code/Agents/github-packages/READY-TO-UPLOAD/PUBLIC/paper-2003-01-the-next-america-revisited,data/modernized/schools/HowCoSchooldatabase_ES-Corr.csv,,SchoolBuses,,numeric,9,1 | -0.0200588522568461 | -0.5689341908474173 | 0.6728603284536216 | -0.5043746310477077,-0.568934190847,1,csv,medium,"Some headers were missing; generated column_N names. Delimiter `,`; sampled first 22 rows."
paper-2003-01,The Next America Revisited,READY-TO-UPLOAD/PUBLIC,/Users/dlev2617/Documents/Code/Agents/github-packages/READY-TO-UPLOAD/PUBLIC/paper-2003-01-the-next-america-revisited,data/modernized/schools/HowCoSchooldatabase_ES-Corr.csv,,Entrants,,numeric,8,1 | 0.7017968464283942 | -0.002888977860920496 | 0.5373554112531554 | -0.7317959641453254,-0.731795964145,1,csv,medium,"Some headers were missing; generated column_N names. Delimiter `,`; sampled first 22 rows."
paper-2003-01,The Next America Revisited,READY-TO-UPLOAD/PUBLIC,/Users/dlev2617/Documents/Code/Agents/github-packages/READY-TO-UPLOAD/PUBLIC/paper-2003-01-the-next-america-revisited,data/modernized/schools/HowCoSchooldatabase_ES-Corr.csv,,Withdrawls,,numeric,7,1 | -0.4013896815440422 | 0.7529111820928895 | -0.5169257698828302 | -0.4842740927263159,-0.571114158096,1,csv,medium,"Some headers were missing; generated column_N names. Delimiter `,`; sampled first 22 rows."
paper-2003-01,The Next America Revisited,READY-TO-UPLOAD/PUBLIC,/Users/dlev2617/Documents/Code/Agents/github-packages/READY-TO-UPLOAD/PUBLIC/paper-2003-01-the-next-america-revisited,data/modernized/schools/HowCoSchooldatabase_ES-Corr.csv,,Computers,,numeric,6,1 | -0.22363224774485216 | 0.23300570048445032 | 0.3552021146037013 | 0.38608731232007293,-0.223632247745,1,csv,medium,"Some headers were missing; generated column_N names. Delimiter `,`; sampled first 22 rows."
paper-2003-01,The Next America Revisited,READY-TO-UPLOAD/PUBLIC,/Users/dlev2617/Documents/Code/Agents/github-packages/READY-TO-UPLOAD/PUBLIC/paper-2003-01-the-next-america-revisited,data/modernized/schools/HowCoSchooldatabase_ES-Corr.csv,,Computers/Student,,numeric,5,1 | -0.17828718203246605 | -0.20592284126048785 | -0.18759193965116883 | 0.4323226981731374,-0.20592284126,1,csv,medium,"Some headers were missing; generated column_N names. Delimiter `,`; sampled first 22 rows."
paper-2003-01,The Next America Revisited,READY-TO-UPLOAD/PUBLIC,/Users/dlev2617/Documents/Code/Agents/github-packages/READY-TO-UPLOAD/PUBLIC/paper-2003-01-the-next-america-revisited,data/modernized/schools/HowCoSchooldatabase_ES-Corr.csv,,CTBS-Reading (G4),,numeric,4,1 | 0.9209153618382924 | 0.9433564436484652 | -0.5470152679297634,-0.54701526793,1,csv,medium,"Some headers were missing; generated column_N names. Delimiter `,`; sampled first 22 rows."
paper-2003-01,The Next America Revisited,READY-TO-UPLOAD/PUBLIC,/Users/dlev2617/Documents/Code/Agents/github-packages/READY-TO-UPLOAD/PUBLIC/paper-2003-01-the-next-america-revisited,data/modernized/schools/HowCoSchooldatabase_ES-Corr.csv,,CTBS Lang (G4),,numeric,3,1 | 0.8994193668074515 | -0.5257468007984792,-0.525746800798,1,csv,medium,"Some headers were missing; generated column_N names. Delimiter `,`; sampled first 22 rows."
paper-2003-01,The Next America Revisited,READY-TO-UPLOAD/PUBLIC,/Users/dlev2617/Documents/Code/Agents/github-packages/READY-TO-UPLOAD/PUBLIC/paper-2003-01-the-next-america-revisited,data/modernized/schools/HowCoSchooldatabase_ES-Corr.csv,,CTBS Math (G4),,numeric,2,1 | -0.4678762361114075,-0.467876236111,1,csv,medium,"Some headers were missing; generated column_N names. Delimiter `,`; sampled first 22 rows."
paper-2003-01,The Next America Revisited,READY-TO-UPLOAD/PUBLIC,/Users/dlev2617/Documents/Code/Agents/github-packages/READY-TO-UPLOAD/PUBLIC/paper-2003-01-the-next-america-revisited,data/modernized/schools/HowCoSchooldatabase_ES-Corr.csv,,Title I,,boolean_or_indicator,1,1,,,csv,medium,"Some headers were missing; generated column_N names. Delimiter `,`; sampled first 22 rows."
paper-2003-01,The Next America Revisited,READY-TO-UPLOAD/PUBLIC,/Users/dlev2617/Documents/Code/Agents/github-packages/READY-TO-UPLOAD/PUBLIC/paper-2003-01-the-next-america-revisited,data/modernized/schools/HowCoSchooldatabase_ES-Regress.csv,,SUMMARY OUTPUT: Enrollment/Capacity,,text,12,Regression Statistics | Multiple R | R Square | Adjusted R Square | Standard Error,,,csv,medium,"Some headers were missing; generated column_N names. Delimiter `,`; sampled first 18 rows."
paper-2003-01,The Next America Revisited,READY-TO-UPLOAD/PUBLIC,/Users/dlev2617/Documents/Code/Agents/github-packages/READY-TO-UPLOAD/PUBLIC/paper-2003-01-the-next-america-revisited,data/modernized/schools/HowCoSchooldatabase_ES-Regress.csv,,column_2,,mixed_numeric_text,12,0.5168736360471172 | 0.2671583556405677 | 0.21078592145907293 | 0.12059966651804815 | 15,,,csv,medium,"Some headers were missing; generated column_N names. Delimiter `,`; sampled first 18 rows."
paper-2003-01,The Next America Revisited,READY-TO-UPLOAD/PUBLIC,/Users/dlev2617/Documents/Code/Agents/github-packages/READY-TO-UPLOAD/PUBLIC/paper-2003-01-the-next-america-revisited,data/modernized/schools/HowCoSchooldatabase_ES-Regress.csv,,column_3,,mixed_numeric_text,7,SS | 0.06892776352100685 | 0.18907563433543753 | 0.2580033978564444 | Standard Error,,,csv,medium,"Some headers were missing; generated column_N names. Delimiter `,`; sampled first 18 rows."
paper-2003-01,The Next America Revisited,READY-TO-UPLOAD/PUBLIC,/Users/dlev2617/Documents/Code/Agents/github-packages/READY-TO-UPLOAD/PUBLIC/paper-2003-01-the-next-america-revisited,data/modernized/schools/HowCoSchooldatabase_ES-Regress.csv,,column_4,,mixed_numeric_text,6,MS | 0.06892776352100685 | 0.014544279564264425 | t Stat | 16.217684332396,,,csv,medium,"Some headers were missing; generated column_N names. Delimiter `,`; sampled first 18 rows."
paper-2003-01,The Next America Revisited,READY-TO-UPLOAD/PUBLIC,/Users/dlev2617/Documents/Code/Agents/github-packages/READY-TO-UPLOAD/PUBLIC/paper-2003-01-the-next-america-revisited,data/modernized/schools/HowCoSchooldatabase_ES-Regress.csv,,column_5,,mixed_numeric_text,5,F | 4.7391665717402525 | P-value | 5.251298617254539e-10 | 0.048504392094008926,,,csv,medium,"Some headers were missing; generated column_N names. Delimiter `,`; sampled first 18 rows."
paper-2003-01,The Next America Revisited,READY-TO-UPLOAD/PUBLIC,/Users/dlev2617/Documents/Code/Agents/github-packages/READY-TO-UPLOAD/PUBLIC/paper-2003-01-the-next-america-revisited,data/modernized/schools/HowCoSchooldatabase_ES-Regress.csv,,column_6,,mixed_numeric_text,5,Significance F | 0.048504392094009856 | Lower 95% | 1.0630585541275377 | -0.008908386712407061,,,csv,medium,"Some headers were missing; generated column_N names. Delimiter `,`; sampled first 18 rows."
paper-2003-01,The Next America Revisited,READY-TO-UPLOAD/PUBLIC,/Users/dlev2617/Documents/Code/Agents/github-packages/READY-TO-UPLOAD/PUBLIC/paper-2003-01-the-next-america-revisited,data/modernized/schools/HowCoSchooldatabase_ES-Regress.csv,,column_7,,mixed_numeric_text,3,Upper 95% | 1.3898062664683792 | -3.408313048240252e-05,,,csv,medium,"Some headers were missing; generated column_N names. Delimiter `,`; sampled first 18 rows."
paper-2003-01,The Next America Revisited,READY-TO-UPLOAD/PUBLIC,/Users/dlev2617/Documents/Code/Agents/github-packages/READY-TO-UPLOAD/PUBLIC/paper-2003-01-the-next-america-revisited,data/modernized/schools/HowCoSchooldatabase_ES-Regress.csv,,column_8,,mixed_numeric_text,3,Lower 95.0% | 1.0630585541275377 | -0.008908386712407061,,,csv,medium,"Some headers were missing; generated column_N names. Delimiter `,`; sampled first 18 rows."
paper-2003-01,The Next America Revisited,READY-TO-UPLOAD/PUBLIC,/Users/dlev2617/Documents/Code/Agents/github-packages/READY-TO-UPLOAD/PUBLIC/paper-2003-01-the-next-america-revisited,data/modernized/schools/HowCoSchooldatabase_ES-Regress.csv,,column_9,,mixed_numeric_text,3,Upper 95.0% | 1.3898062664683792 | -3.408313048240252e-05,,,csv,medium,"Some headers were missing; generated column_N names. Delimiter `,`; sampled first 18 rows."
paper-2003-01,The Next America Revisited,READY-TO-UPLOAD/PUBLIC,/Users/dlev2617/Documents/Code/Agents/github-packages/READY-TO-UPLOAD/PUBLIC/paper-2003-01-the-next-america-revisited,data/modernized/schools/HowCoSchooldatabase_HS-Corr.csv,,column_1,,text,18,Year | Capacity | Enrollment | Enroll/Capacity | White,,,csv,medium,"Some headers were missing; generated column_N names. Delimiter `,`; sampled first 19 rows."
paper-2003-01,The Next America Revisited,READY-TO-UPLOAD/PUBLIC,/Users/dlev2617/Documents/Code/Agents/github-packages/READY-TO-UPLOAD/PUBLIC/paper-2003-01-the-next-america-revisited,data/modernized/schools/HowCoSchooldatabase_HS-Corr.csv,,Year,,numeric,18,1 | 0.6811865761413325 | 0.8861568409935656 | 0.9000149871751939 | -0.0013838911145463131,-0.589278551925,1,csv,medium,"Some headers were missing; generated column_N names. Delimiter `,`; sampled first 19 rows."
paper-2003-01,The Next America Revisited,READY-TO-UPLOAD/PUBLIC,/Users/dlev2617/Documents/Code/Agents/github-packages/READY-TO-UPLOAD/PUBLIC/paper-2003-01-the-next-america-revisited,data/modernized/schools/HowCoSchooldatabase_HS-Corr.csv,,Capacity,,numeric,17,1 | 0.8794302704769951 | 0.6435995617365619 | 0.4296810609283381 | -0.5052031350241821,-0.781733084487,1,csv,medium,"Some headers were missing; generated column_N names. Delimiter `,`; sampled first 19 rows."
paper-2003-01,The Next America Revisited,READY-TO-UPLOAD/PUBLIC,/Users/dlev2617/Documents/Code/Agents/github-packages/READY-TO-UPLOAD/PUBLIC/paper-2003-01-the-next-america-revisited,data/modernized/schools/HowCoSchooldatabase_HS-Corr.csv,,Enrollment,,numeric,16,1 | 0.9303346625150456 | 0.43126359135906067 | -0.5787904807843857 | 0.7660176877758718,-0.768841901606,1,csv,medium,"Some headers were missing; generated column_N names. Delimiter `,`; sampled first 19 rows."
paper-2003-01,The Next America Revisited,READY-TO-UPLOAD/PUBLIC,/Users/dlev2617/Documents/Code/Agents/github-packages/READY-TO-UPLOAD/PUBLIC/paper-2003-01-the-next-america-revisited,data/modernized/schools/HowCoSchooldatabase_HS-Corr.csv,,Enroll/Capacity,,numeric,15,1 | 0.3623820353957141 | -0.5413983120399786 | 0.8529188345972865 | -0.30353122566170093,-0.6339380148,1,csv,medium,"Some headers were missing; generated column_N names. Delimiter `,`; sampled first 19 rows."
paper-2003-01,The Next America Revisited,READY-TO-UPLOAD/PUBLIC,/Users/dlev2617/Documents/Code/Agents/github-packages/READY-TO-UPLOAD/PUBLIC/paper-2003-01-the-next-america-revisited,data/modernized/schools/HowCoSchooldatabase_HS-Corr.csv,,White,,numeric,14,1 | -0.9603758632438734 | 0.34362453639575363 | -0.8701692563763606 | -0.2606141424150403,-0.961641921269,1,csv,medium,"Some headers were missing; generated column_N names. Delimiter `,`; sampled first 19 rows."
paper-2003-01,The Next America Revisited,READY-TO-UPLOAD/PUBLIC,/Users/dlev2617/Documents/Code/Agents/github-packages/READY-TO-UPLOAD/PUBLIC/paper-2003-01-the-next-america-revisited,data/modernized/schools/HowCoSchooldatabase_HS-Corr.csv,,African-American,,numeric,13,1 | -0.5889221662267117 | 0.7416238919971028 | 0.45359437853483814 | 0.8910137541310972,-0.776556154839,1,csv,medium,"Some headers were missing; generated column_N names. Delimiter `,`; sampled first 19 rows."
paper-2003-01,The Next America Revisited,READY-TO-UPLOAD/PUBLIC,/Users/dlev2617/Documents/Code/Agents/github-packages/READY-TO-UPLOAD/PUBLIC/paper-2003-01-the-next-america-revisited,data/modernized/schools/HowCoSchooldatabase_HS-Corr.csv,,Asian,,numeric,12,1 | -0.03458685809495791 | -0.6987119716139988 | -0.21115305926199054 | 0.4578859084680633,-0.698711971614,1,csv,medium,"Some headers were missing; generated column_N names. Delimiter `,`; sampled first 19 rows."
paper-2003-01,The Next America Revisited,READY-TO-UPLOAD/PUBLIC,/Users/dlev2617/Documents/Code/Agents/github-packages/READY-TO-UPLOAD/PUBLIC/paper-2003-01-the-next-america-revisited,data/modernized/schools/HowCoSchooldatabase_HS-Corr.csv,,Hispanic,,numeric,11,1 | -0.21198652743778174 | 0.8568685386276091 | 0.7683035596376311 | 0.8873673757946232,-0.631587695181,1,csv,medium,"Some headers were missing; generated column_N names. Delimiter `,`; sampled first 19 rows."
paper-2003-01,The Next America Revisited,READY-TO-UPLOAD/PUBLIC,/Users/dlev2617/Documents/Code/Agents/github-packages/READY-TO-UPLOAD/PUBLIC/paper-2003-01-the-next-america-revisited,data/modernized/schools/HowCoSchooldatabase_HS-Corr.csv,,Other,,numeric,10,1 | 0.11313297718726685 | -0.24036037369686616 | -0.057094314980049174 | -0.4136701519960017,-0.598961535023,1,csv,medium,"Some headers were missing; generated column_N names. Delimiter `,`; sampled first 19 rows."
paper-2003-01,The Next America Revisited,READY-TO-UPLOAD/PUBLIC,/Users/dlev2617/Documents/Code/Agents/github-packages/READY-TO-UPLOAD/PUBLIC/paper-2003-01-the-next-america-revisited,data/modernized/schools/HowCoSchooldatabase_HS-Corr.csv,,FreeLunch,,numeric,9,1 | 0.6072828945033821 | 0.9476505214612867 | -0.5824192376595981 | 0.5404207670194047,-0.58241923766,1,csv,medium,"Some headers were missing; generated column_N names. Delimiter `,`; sampled first 19 rows."
paper-2003-01,The Next America Revisited,READY-TO-UPLOAD/PUBLIC,/Users/dlev2617/Documents/Code/Agents/github-packages/READY-TO-UPLOAD/PUBLIC/paper-2003-01-the-next-america-revisited,data/modernized/schools/HowCoSchooldatabase_HS-Corr.csv,,Limited English,,numeric,8,1 | 0.47971830256660564 | 0.22089258930404407 | 0.35655472565522284 | 0.04059250626885284,-0.451270057363,1,csv,medium,"Some headers were missing; generated column_N names. Delimiter `,`; sampled first 19 rows."
paper-2003-01,The Next America Revisited,READY-TO-UPLOAD/PUBLIC,/Users/dlev2617/Documents/Code/Agents/github-packages/READY-TO-UPLOAD/PUBLIC/paper-2003-01-the-next-america-revisited,data/modernized/schools/HowCoSchooldatabase_HS-Corr.csv,,SpecialEd,,numeric,7,1 | -0.6894972044446995 | 0.7550917242902792 | 0.6641646695959075 | -0.646735130669617,-0.689497204445,1,csv,medium,"Some headers were missing; generated column_N names. Delimiter `,`; sampled first 19 rows."
paper-2003-01,The Next America Revisited,READY-TO-UPLOAD/PUBLIC,/Users/dlev2617/Documents/Code/Agents/github-packages/READY-TO-UPLOAD/PUBLIC/paper-2003-01-the-next-america-revisited,data/modernized/schools/HowCoSchooldatabase_HS-Corr.csv,,SchoolBuses,,numeric,6,1 | -0.4031888089782825 | -0.5373231184585359 | 0.6043200421835688 | 0.09389625234326672,-0.537323118459,1,csv,medium,"Some headers were missing; generated column_N names. Delimiter `,`; sampled first 19 rows."
paper-2003-01,The Next America Revisited,READY-TO-UPLOAD/PUBLIC,/Users/dlev2617/Documents/Code/Agents/github-packages/READY-TO-UPLOAD/PUBLIC/paper-2003-01-the-next-america-revisited,data/modernized/schools/HowCoSchooldatabase_HS-Corr.csv,,Entrants,,numeric,5,1 | 0.947302280189608 | -0.9063770129134375 | -0.901590014976789 | -0.6026688532948528,-0.906377012913,1,csv,medium,"Some headers were missing; generated column_N names. Delimiter `,`; sampled first 19 rows."
paper-2003-01,The Next America Revisited,READY-TO-UPLOAD/PUBLIC,/Users/dlev2617/Documents/Code/Agents/github-packages/READY-TO-UPLOAD/PUBLIC/paper-2003-01-the-next-america-revisited,data/modernized/schools/HowCoSchooldatabase_HS-Corr.csv,,Withdrawls,,numeric,4,1 | -0.9931227886542322 | -0.8712978329871482 | -0.4925568245025134,-0.993122788654,1,csv,medium,"Some headers were missing; generated column_N names. Delimiter `,`; sampled first 19 rows."
paper-2003-01,The Next America Revisited,READY-TO-UPLOAD/PUBLIC,/Users/dlev2617/Documents/Code/Agents/github-packages/READY-TO-UPLOAD/PUBLIC/paper-2003-01-the-next-america-revisited,data/modernized/schools/HowCoSchooldatabase_HS-Corr.csv,,Computers,,numeric,3,1 | 0.8245332619025242 | 0.43508298822982433,0.43508298823,1,csv,medium,"Some headers were missing; generated column_N names. Delimiter `,`; sampled first 19 rows."
paper-2003-01,The Next America Revisited,READY-TO-UPLOAD/PUBLIC,/Users/dlev2617/Documents/Code/Agents/github-packages/READY-TO-UPLOAD/PUBLIC/paper-2003-01-the-next-america-revisited,data/modernized/schools/HowCoSchooldatabase_HS-Corr.csv,,Computers/Student,,numeric,2,1 | 0.38433050652690687,0.384330506527,1,csv,medium,"Some headers were missing; generated column_N names. Delimiter `,`; sampled first 19 rows."
paper-2003-01,The Next America Revisited,READY-TO-UPLOAD/PUBLIC,/Users/dlev2617/Documents/Code/Agents/github-packages/READY-TO-UPLOAD/PUBLIC/paper-2003-01-the-next-america-revisited,data/modernized/schools/HowCoSchooldatabase_HS-Corr.csv,,SAT,,boolean_or_indicator,1,1,,,csv,medium,"Some headers were missing; generated column_N names. Delimiter `,`; sampled first 19 rows."
paper-2003-01,The Next America Revisited,READY-TO-UPLOAD/PUBLIC,/Users/dlev2617/Documents/Code/Agents/github-packages/READY-TO-UPLOAD/PUBLIC/paper-2003-01-the-next-america-revisited,data/modernized/schools/HowCoSchooldatabase_MS-Corr.csv,,column_1,,text,20,Year | Capacity | Enrollment | Enroll/Capacity | White,,,csv,medium,"Some headers were missing; generated column_N names. Delimiter `,`; sampled first 21 rows."
paper-2003-01,The Next America Revisited,READY-TO-UPLOAD/PUBLIC,/Users/dlev2617/Documents/Code/Agents/github-packages/READY-TO-UPLOAD/PUBLIC/paper-2003-01-the-next-america-revisited,data/modernized/schools/HowCoSchooldatabase_MS-Corr.csv,,Year,,numeric,20,1 | -0.0994936676326182 | 0.07463604028075103 | 0.10491797497522298 | -0.01116504116069797,-0.84394312017,1,csv,medium,"Some headers were missing; generated column_N names. Delimiter `,`; sampled first 21 rows."
paper-2003-01,The Next America Revisited,READY-TO-UPLOAD/PUBLIC,/Users/dlev2617/Documents/Code/Agents/github-packages/READY-TO-UPLOAD/PUBLIC/paper-2003-01-the-next-america-revisited,data/modernized/schools/HowCoSchooldatabase_MS-Corr.csv,,Capacity,,numeric,19,1 | -0.2790445402478377 | -0.7473588066505565 | -0.9918311556669472 | 0.9902652397987021,-0.991831155667,1,csv,medium,"Some headers were missing; generated column_N names. Delimiter `,`; sampled first 21 rows."
paper-2003-01,The Next America Revisited,READY-TO-UPLOAD/PUBLIC,/Users/dlev2617/Documents/Code/Agents/github-packages/READY-TO-UPLOAD/PUBLIC/paper-2003-01-the-next-america-revisited,data/modernized/schools/HowCoSchooldatabase_MS-Corr.csv,,Enrollment,,numeric,18,1 | 0.846572483012214 | 0.21026956528492238 | -0.2095048942988197 | 0.610099707460968,-0.899461164917,1,csv,medium,"Some headers were missing; generated column_N names. Delimiter `,`; sampled first 21 rows."
paper-2003-01,The Next America Revisited,READY-TO-UPLOAD/PUBLIC,/Users/dlev2617/Documents/Code/Agents/github-packages/READY-TO-UPLOAD/PUBLIC/paper-2003-01-the-next-america-revisited,data/modernized/schools/HowCoSchooldatabase_MS-Corr.csv,,Enroll/Capacity,,numeric,17,1 | 0.6954470687975307 | -0.6940752957690796 | 0.13998729339951646 | -0.6216793251577094,-0.985573760558,1,csv,medium,"Some headers were missing; generated column_N names. Delimiter `,`; sampled first 21 rows."
paper-2003-01,The Next America Revisited,READY-TO-UPLOAD/PUBLIC,/Users/dlev2617/Documents/Code/Agents/github-packages/READY-TO-UPLOAD/PUBLIC/paper-2003-01-the-next-america-revisited,data/modernized/schools/HowCoSchooldatabase_MS-Corr.csv,,White,,numeric,16,1 | -0.9999086082892126 | -0.5963687688915436 | 0.10237818965609616 | 0.8613886177594048,-0.999908608289,1,csv,medium,"Some headers were missing; generated column_N names. Delimiter `,`; sampled first 21 rows."
paper-2003-01,The Next America Revisited,READY-TO-UPLOAD/PUBLIC,/Users/dlev2617/Documents/Code/Agents/github-packages/READY-TO-UPLOAD/PUBLIC/paper-2003-01-the-next-america-revisited,data/modernized/schools/HowCoSchooldatabase_MS-Corr.csv,,African-American,,numeric,15,1 | 0.6006664376488647 | -0.1073993463648414 | -0.8680031819615222 | 0.49152813897134845,-0.876149673924,1,csv,medium,"Some headers were missing; generated column_N names. Delimiter `,`; sampled first 21 rows."
paper-2003-01,The Next America Revisited,READY-TO-UPLOAD/PUBLIC,/Users/dlev2617/Documents/Code/Agents/github-packages/READY-TO-UPLOAD/PUBLIC/paper-2003-01-the-next-america-revisited,data/modernized/schools/HowCoSchooldatabase_MS-Corr.csv,,Asian,,numeric,14,1 | -0.8592059354400835 | -0.7565978957233824 | -0.10287246418533937 | 0.6899058041666316,-0.992231709319,1,csv,medium,"Some headers were missing; generated column_N names. Delimiter `,`; sampled first 21 rows."
paper-2003-01,The Next America Revisited,READY-TO-UPLOAD/PUBLIC,/Users/dlev2617/Documents/Code/Agents/github-packages/READY-TO-UPLOAD/PUBLIC/paper-2003-01-the-next-america-revisited,data/modernized/schools/HowCoSchooldatabase_MS-Corr.csv,,Hispanic,,numeric,13,1 | 0.37718220696260923 | 0.4270320597629662 | -0.3005354595277273 | 0.816092159611942,-0.681279954537,1,csv,medium,"Some headers were missing; generated column_N names. Delimiter `,`; sampled first 21 rows."
paper-2003-01,The Next America Revisited,READY-TO-UPLOAD/PUBLIC,/Users/dlev2617/Documents/Code/Agents/github-packages/READY-TO-UPLOAD/PUBLIC/paper-2003-01-the-next-america-revisited,data/modernized/schools/HowCoSchooldatabase_MS-Corr.csv,,Other,,numeric,12,1 | 0.005645874290988883 | -0.6584244824123962 | 0.8272888841943364 | -0.7789240586062424,-0.778924058606,1,csv,medium,"Some headers were missing; generated column_N names. Delimiter `,`; sampled first 21 rows."
paper-2003-01,The Next America Revisited,READY-TO-UPLOAD/PUBLIC,/Users/dlev2617/Documents/Code/Agents/github-packages/READY-TO-UPLOAD/PUBLIC/paper-2003-01-the-next-america-revisited,data/modernized/schools/HowCoSchooldatabase_MS-Corr.csv,,FreeLunch,,numeric,11,1 | 0.637299243434359 | 0.13066681254655205 | 0.2187280744564397 | 0.3867934562939128,-0.906931415178,1,csv,medium,"Some headers were missing; generated column_N names. Delimiter `,`; sampled first 21 rows."
paper-2003-01,The Next America Revisited,READY-TO-UPLOAD/PUBLIC,/Users/dlev2617/Documents/Code/Agents/github-packages/READY-TO-UPLOAD/PUBLIC/paper-2003-01-the-next-america-revisited,data/modernized/schools/HowCoSchooldatabase_MS-Corr.csv,,Limited English,,numeric,10,1 | -0.679866436145927 | 0.887052549174004 | 0.8498905201116104 | 0.5491928325908583,-0.708424841122,1,csv,medium,"Some headers were missing; generated column_N names. Delimiter `,`; sampled first 21 rows."
paper-2003-01,The Next America Revisited,READY-TO-UPLOAD/PUBLIC,/Users/dlev2617/Documents/Code/Agents/github-packages/READY-TO-UPLOAD/PUBLIC/paper-2003-01-the-next-america-revisited,data/modernized/schools/HowCoSchooldatabase_MS-Corr.csv,,SpecialEd,,numeric,9,1 | -0.937139856069687 | -0.747886348248061 | -0.0835142422175295 | 0.8629991031181334,-0.93713985607,1,csv,medium,"Some headers were missing; generated column_N names. Delimiter `,`; sampled first 21 rows."
paper-2003-01,The Next America Revisited,READY-TO-UPLOAD/PUBLIC,/Users/dlev2617/Documents/Code/Agents/github-packages/READY-TO-UPLOAD/PUBLIC/paper-2003-01-the-next-america-revisited,data/modernized/schools/HowCoSchooldatabase_MS-Corr.csv,,SchoolBuses,,numeric,8,1 | 0.8950265209412344 | 0.2518919783425617 | -0.6344511122678328 | -0.6921431794790366,-0.692143179479,1,csv,medium,"Some headers were missing; generated column_N names. Delimiter `,`; sampled first 21 rows."
paper-2003-01,The Next America Revisited,READY-TO-UPLOAD/PUBLIC,/Users/dlev2617/Documents/Code/Agents/github-packages/READY-TO-UPLOAD/PUBLIC/paper-2003-01-the-next-america-revisited,data/modernized/schools/HowCoSchooldatabase_MS-Corr.csv,,Entrants,,numeric,7,1 | 0.026676794395834362 | -0.3400829899401944 | -0.4738993748764464 | -0.23256711154586668,-0.473899374876,1,csv,medium,"Some headers were missing; generated column_N names. Delimiter `,`; sampled first 21 rows."
paper-2003-01,The Next America Revisited,READY-TO-UPLOAD/PUBLIC,/Users/dlev2617/Documents/Code/Agents/github-packages/READY-TO-UPLOAD/PUBLIC/paper-2003-01-the-next-america-revisited,data/modernized/schools/HowCoSchooldatabase_MS-Corr.csv,,Withdrawls,,numeric,6,1 | 0.1110425069471075 | 0.2331635237961326 | -0.9771451390535314 | -0.8675174168267463,-0.977145139054,1,csv,medium,"Some headers were missing; generated column_N names. Delimiter `,`; sampled first 21 rows."
paper-2003-01,The Next America Revisited,READY-TO-UPLOAD/PUBLIC,/Users/dlev2617/Documents/Code/Agents/github-packages/READY-TO-UPLOAD/PUBLIC/paper-2003-01-the-next-america-revisited,data/modernized/schools/HowCoSchooldatabase_MS-Corr.csv,,Computers,,numeric,5,1 | 0.9793454712764221 | -0.08438712786315622 | -0.5247845051772143 | -0.2465435598126031,-0.524784505177,1,csv,medium,"Some headers were missing; generated column_N names. Delimiter `,`; sampled first 21 rows."
paper-2003-01,The Next America Revisited,READY-TO-UPLOAD/PUBLIC,/Users/dlev2617/Documents/Code/Agents/github-packages/READY-TO-UPLOAD/PUBLIC/paper-2003-01-the-next-america-revisited,data/modernized/schools/HowCoSchooldatabase_MS-Corr.csv,,Computers/Student,,numeric,4,1 | -0.171021435459083 | -0.576492646277988 | -0.33384602102068844,-0.576492646278,1,csv,medium,"Some headers were missing; generated column_N names. Delimiter `,`; sampled first 21 rows."
paper-2003-01,The Next America Revisited,READY-TO-UPLOAD/PUBLIC,/Users/dlev2617/Documents/Code/Agents/github-packages/READY-TO-UPLOAD/PUBLIC/paper-2003-01-the-next-america-revisited,data/modernized/schools/HowCoSchooldatabase_MS-Corr.csv,,CTBS-Reading (G6),,numeric,3,1 | 0.8896211119524454 | 0.9858223973506376,0.889621111952,1,csv,medium,"Some headers were missing; generated column_N names. Delimiter `,`; sampled first 21 rows."
paper-2003-01,The Next America Revisited,READY-TO-UPLOAD/PUBLIC,/Users/dlev2617/Documents/Code/Agents/github-packages/READY-TO-UPLOAD/PUBLIC/paper-2003-01-the-next-america-revisited,data/modernized/schools/HowCoSchooldatabase_MS-Corr.csv,,CTBS Lang (G6),,numeric,2,1 | 0.9484982995701781,0.94849829957,1,csv,medium,"Some headers were missing; generated column_N names. Delimiter `,`; sampled first 21 rows."
paper-2003-01,The Next America Revisited,READY-TO-UPLOAD/PUBLIC,/Users/dlev2617/Documents/Code/Agents/github-packages/READY-TO-UPLOAD/PUBLIC/paper-2003-01-the-next-america-revisited,data/modernized/schools/HowCoSchooldatabase_MS-Corr.csv,,CTBS Math (G6),,boolean_or_indicator,1,1,,,csv,medium,"Some headers were missing; generated column_N names. Delimiter `,`; sampled first 21 rows."
paper-2003-01,The Next America Revisited,READY-TO-UPLOAD/PUBLIC,/Users/dlev2617/Documents/Code/Agents/github-packages/READY-TO-UPLOAD/PUBLIC/paper-2003-01-the-next-america-revisited,data/original/census/AgeMix.xls,Sheet1,Universe: Persons,,empty,0,,,,xls,medium,Some headers were missing; generated column_N names. Sampled first 32 non-empty rows from worksheet.
paper-2003-01,The Next America Revisited,READY-TO-UPLOAD/PUBLIC,/Users/dlev2617/Documents/Code/Agents/github-packages/READY-TO-UPLOAD/PUBLIC/paper-2003-01-the-next-america-revisited,data/original/census/AgeMix.xls,Sheet1,column_2,,empty,0,,,,xls,medium,Some headers were missing; generated column_N names. Sampled first 32 non-empty rows from worksheet.
paper-2003-01,The Next America Revisited,READY-TO-UPLOAD/PUBLIC,/Users/dlev2617/Documents/Code/Agents/github-packages/READY-TO-UPLOAD/PUBLIC/paper-2003-01-the-next-america-revisited,data/original/census/AgeMix.xls,Sheet1,column_3,,empty,0,,,,xls,medium,Some headers were missing; generated column_N names. Sampled first 32 non-empty rows from worksheet.
paper-2003-01,The Next America Revisited,READY-TO-UPLOAD/PUBLIC,/Users/dlev2617/Documents/Code/Agents/github-packages/READY-TO-UPLOAD/PUBLIC/paper-2003-01-the-next-america-revisited,data/original/census/AgeMix.xls,Sheet1,#,,numeric,31,1069.0 | 2562.0 | 2179.0 | 1395.0 | 1103.0,350,8251,xls,medium,Some headers were missing; generated column_N names. Sampled first 32 non-empty rows from worksheet.
paper-2003-01,The Next America Revisited,READY-TO-UPLOAD/PUBLIC,/Users/dlev2617/Documents/Code/Agents/github-packages/READY-TO-UPLOAD/PUBLIC/paper-2003-01-the-next-america-revisited,data/original/census/AgeMix.xls,Sheet1,AGE,,numeric,31,0.0 | 2.0 | 4.0 | 5.0 | 6.0,0,85,xls,medium,Some headers were missing; generated column_N names. Sampled first 32 non-empty rows from worksheet.
paper-2003-01,The Next America Revisited,READY-TO-UPLOAD/PUBLIC,/Users/dlev2617/Documents/Code/Agents/github-packages/READY-TO-UPLOAD/PUBLIC/paper-2003-01-the-next-america-revisited,data/original/census/AgeMix.xls,Sheet1,POP/YEAR,,numeric,31,1069.0 | 1281.0 | 1089.5 | 1395.0 | 1103.0,97.2,1650.2,xls,medium,Some headers were missing; generated column_N names. Sampled first 32 non-empty rows from worksheet.
paper-2003-01,The Next America Revisited,READY-TO-UPLOAD/PUBLIC,/Users/dlev2617/Documents/Code/Agents/github-packages/READY-TO-UPLOAD/PUBLIC/paper-2003-01-the-next-america-revisited,data/original/census/AgeMix.xls,Sheet1,Cumulative #,,numeric,31,1069.0 | 3631.0 | 5810.0 | 7205.0 | 8308.0,1069,75883,xls,medium,Some headers were missing; generated column_N names. Sampled first 32 non-empty rows from worksheet.
paper-2003-01,The Next America Revisited,READY-TO-UPLOAD/PUBLIC,/Users/dlev2617/Documents/Code/Agents/github-packages/READY-TO-UPLOAD/PUBLIC/paper-2003-01-the-next-america-revisited,data/original/census/Race.xls,Race.txt,AGGREGATE VALUE,,text,36,Universe: Specified owner-occupied housing units | Total | RACE OF HOUSEHOLDER | White | Black,,,xls,medium,Some headers were missing; generated column_N names. Sampled first 37 non-empty rows from worksheet.
paper-2003-01,The Next America Revisited,READY-TO-UPLOAD/PUBLIC,/Users/dlev2617/Documents/Code/Agents/github-packages/READY-TO-UPLOAD/PUBLIC/paper-2003-01-the-next-america-revisited,data/original/census/Race.xls,Race.txt,column_2,,numeric,22,2704068500.0 | 13351.0 | 2179.0 | 27.0 | 616.0,27,2704068500,xls,medium,Some headers were missing; generated column_N names. Sampled first 37 non-empty rows from worksheet.
paper-2003-01,The Next America Revisited,READY-TO-UPLOAD/PUBLIC,/Users/dlev2617/Documents/Code/Agents/github-packages/READY-TO-UPLOAD/PUBLIC/paper-2003-01-the-next-america-revisited,data/original/census/Race.xls,Race.txt,column_3,,mixed_numeric_text,12,AGGREGATE VALUE BY RACE OF HOUSEHOLDER | 2230283000.0 | 355492500.0 | 4317500.0 | 108645500.0,,,xls,medium,Some headers were missing; generated column_N names. Sampled first 37 non-empty rows from worksheet.
paper-2003-01,The Next America Revisited,READY-TO-UPLOAD/PUBLIC,/Users/dlev2617/Documents/Code/Agents/github-packages/READY-TO-UPLOAD/PUBLIC/paper-2003-01-the-next-america-revisited,data/original/census/Race.xls,Race.txt,column_4,,numeric,10,167049.88390382743 | 163144.79118861863 | 159907.40740740742 | 176372.56493506493 | 148055.55555555556,597.573258607,176372.564935,xls,medium,Some headers were missing; generated column_N names. Sampled first 37 non-empty rows from worksheet.
paper-2003-01,The Next America Revisited,READY-TO-UPLOAD/PUBLIC,/Users/dlev2617/Documents/Code/Agents/github-packages/READY-TO-UPLOAD/PUBLIC/paper-2003-01-the-next-america-revisited,data/original/census/Race.xls,Race.txt,column_5,,empty,0,,,,xls,medium,Some headers were missing; generated column_N names. Sampled first 37 non-empty rows from worksheet.
paper-2003-01,The Next America Revisited,READY-TO-UPLOAD/PUBLIC,/Users/dlev2617/Documents/Code/Agents/github-packages/READY-TO-UPLOAD/PUBLIC/paper-2003-01-the-next-america-revisited,data/original/census/Race.xls,Race.txt,column_6,,empty,0,,,,xls,medium,Some headers were missing; generated column_N names. Sampled first 37 non-empty rows from worksheet.
paper-2003-01,The Next America Revisited,READY-TO-UPLOAD/PUBLIC,/Users/dlev2617/Documents/Code/Agents/github-packages/READY-TO-UPLOAD/PUBLIC/paper-2003-01-the-next-america-revisited,data/original/census/Race.xls,Race.txt,column_7,,empty,0,,,,xls,medium,Some headers were missing; generated column_N names. Sampled first 37 non-empty rows from worksheet.
paper-2003-01,The Next America Revisited,READY-TO-UPLOAD/PUBLIC,/Users/dlev2617/Documents/Code/Agents/github-packages/READY-TO-UPLOAD/PUBLIC/paper-2003-01-the-next-america-revisited,data/original/census/Race.xls,Race.txt,column_8,,text,6,"Race | White | Black | American Indian, Eskimo, or Aleut | Asian or Pacific Islander",,,xls,medium,Some headers were missing; generated column_N names. Sampled first 37 non-empty rows from worksheet.
paper-2003-01,The Next America Revisited,READY-TO-UPLOAD/PUBLIC,/Users/dlev2617/Documents/Code/Agents/github-packages/READY-TO-UPLOAD/PUBLIC/paper-2003-01-the-next-america-revisited,data/original/census/Race.xls,Race.txt,column_9,,mixed_numeric_text,7,Homeowners | Number | 13351.0 | 2179.0 | 27.0,,,xls,medium,Some headers were missing; generated column_N names. Sampled first 37 non-empty rows from worksheet.
paper-2003-01,The Next America Revisited,READY-TO-UPLOAD/PUBLIC,/Users/dlev2617/Documents/Code/Agents/github-packages/READY-TO-UPLOAD/PUBLIC/paper-2003-01-the-next-america-revisited,data/original/census/Race.xls,Race.txt,column_10,,mixed_numeric_text,6,Home Value | 167049.88390382743 | 163144.79118861863 | 159907.40740740742 | 176372.56493506493,,,xls,medium,Some headers were missing; generated column_N names. Sampled first 37 non-empty rows from worksheet.
paper-2003-01,The Next America Revisited,READY-TO-UPLOAD/PUBLIC,/Users/dlev2617/Documents/Code/Agents/github-packages/READY-TO-UPLOAD/PUBLIC/paper-2003-01-the-next-america-revisited,data/original/census/Race.xls,Race.txt,column_11,,mixed_numeric_text,7,Renters | Number | 6650.0 | 2498.0 | 28.0,,,xls,medium,Some headers were missing; generated column_N names. Sampled first 37 non-empty rows from worksheet.
paper-2003-01,The Next America Revisited,READY-TO-UPLOAD/PUBLIC,/Users/dlev2617/Documents/Code/Agents/github-packages/READY-TO-UPLOAD/PUBLIC/paper-2003-01-the-next-america-revisited,data/original/census/Race.xls,Race.txt,column_12,,mixed_numeric_text,6,Monthly Rent | 686.1673684210526 | 597.5732586068855 | 653.1071428571429 | 644.1957831325301,,,xls,medium,Some headers were missing; generated column_N names. Sampled first 37 non-empty rows from worksheet.
paper-2003-01,The Next America Revisited,READY-TO-UPLOAD/PUBLIC,/Users/dlev2617/Documents/Code/Agents/github-packages/READY-TO-UPLOAD/PUBLIC/paper-2003-01-the-next-america-revisited,data/original/housing/Apartments.xls,Sheet1,RENTAL PROPERTIES,,text,68,"APARTMENTS, TOWNHOUSES, SINGLE FAMILY HOMES | DORSEY'S SEARCH | Avalon @ Fairway Hills | Bluffs @ Fairway Hills | Island Club",,,xls,medium,Some headers were missing; generated column_N names. Sampled first 73 non-empty rows from worksheet.
paper-2003-01,The Next America Revisited,READY-TO-UPLOAD/PUBLIC,/Users/dlev2617/Documents/Code/Agents/github-packages/READY-TO-UPLOAD/PUBLIC/paper-2003-01-the-next-america-revisited,data/original/housing/Apartments.xls,Sheet1,column_2,,numeric,50,735.0 | 685.0 | 790.0 | 730.0 | 670.0,221.186211103,1390,xls,medium,Some headers were missing; generated column_N names. Sampled first 73 non-empty rows from worksheet.
paper-2003-01,The Next America Revisited,READY-TO-UPLOAD/PUBLIC,/Users/dlev2617/Documents/Code/Agents/github-packages/READY-TO-UPLOAD/PUBLIC/paper-2003-01-the-next-america-revisited,data/original/housing/Apartments.xls,Sheet1,column_3,,numeric,50,1235.0 | 835.0 | 1115.0 | 850.0 | 930.0,262.296320845,1735,xls,medium,Some headers were missing; generated column_N names. Sampled first 73 non-empty rows from worksheet.
paper-2003-01,The Next America Revisited,READY-TO-UPLOAD/PUBLIC,/Users/dlev2617/Documents/Code/Agents/github-packages/READY-TO-UPLOAD/PUBLIC/paper-2003-01-the-next-america-revisited,data/original/housing/Apartments.xls,Sheet1,column_4,,numeric,9,736.6666666666666 | 664.125 | 902.3076923076923 | 733.6666666666666 | 754.5,625.2,902.307692308,xls,medium,Some headers were missing; generated column_N names. Sampled first 73 non-empty rows from worksheet.
paper-2003-01,The Next America Revisited,READY-TO-UPLOAD/PUBLIC,/Users/dlev2617/Documents/Code/Agents/github-packages/READY-TO-UPLOAD/PUBLIC/paper-2003-01-the-next-america-revisited,data/original/housing/Apartments.xls,Sheet1,column_5,,numeric,9,1061.6666666666667 | 853.625 | 1156.5384615384614 | 980.3333333333334 | 996.3333333333334,853.625,1390,xls,medium,Some headers were missing; generated column_N names. Sampled first 73 non-empty rows from worksheet.
paper-2003-01,The Next America Revisited,READY-TO-UPLOAD/PUBLIC,/Users/dlev2617/Documents/Code/Agents/github-packages/READY-TO-UPLOAD/PUBLIC/paper-2003-01-the-next-america-revisited,data/original/housing/Apartments.xls,Sheet1,column_6,,empty,0,,,,xls,medium,Some headers were missing; generated column_N names. Sampled first 73 non-empty rows from worksheet.
paper-2003-01,The Next America Revisited,READY-TO-UPLOAD/PUBLIC,/Users/dlev2617/Documents/Code/Agents/github-packages/READY-TO-UPLOAD/PUBLIC/paper-2003-01-the-next-america-revisited,data/original/housing/Apartments.xls,Sheet1,column_7,,empty,0,,,,xls,medium,Some headers were missing; generated column_N names. Sampled first 73 non-empty rows from worksheet.
paper-2003-01,The Next America Revisited,READY-TO-UPLOAD/PUBLIC,/Users/dlev2617/Documents/Code/Agents/github-packages/READY-TO-UPLOAD/PUBLIC/paper-2003-01-the-next-america-revisited,data/original/housing/Apartments.xls,Sheet1,column_8,,text,11,DORSEY'S SEARCH | HARPERS CHOICE | HICKORY RIDGE | KINGS CONTRIVANCE | LONG REACH,,,xls,medium,Some headers were missing; generated column_N names. Sampled first 73 non-empty rows from worksheet.
paper-2003-01,The Next America Revisited,READY-TO-UPLOAD/PUBLIC,/Users/dlev2617/Documents/Code/Agents/github-packages/READY-TO-UPLOAD/PUBLIC/paper-2003-01-the-next-america-revisited,data/original/housing/Apartments.xls,Sheet1,column_9,,mixed_numeric_text,12,Average Low End | 736.6666666666666 | 664.125 | 902.3076923076923 | 733.6666666666666,,,xls,medium,Some headers were missing; generated column_N names. Sampled first 73 non-empty rows from worksheet.
paper-2003-01,The Next America Revisited,READY-TO-UPLOAD/PUBLIC,/Users/dlev2617/Documents/Code/Agents/github-packages/READY-TO-UPLOAD/PUBLIC/paper-2003-01-the-next-america-revisited,data/original/housing/Apartments.xls,Sheet1,column_10,,mixed_numeric_text,12,Average High End | 1061.6666666666667 | 853.625 | 1156.5384615384614 | 980.3333333333334,,,xls,medium,Some headers were missing; generated column_N names. Sampled first 73 non-empty rows from worksheet.
paper-2003-01,The Next America Revisited,READY-TO-UPLOAD/PUBLIC,/Users/dlev2617/Documents/Code/Agents/github-packages/READY-TO-UPLOAD/PUBLIC/paper-2003-01-the-next-america-revisited,data/original/schools/HowCoSchooldatabase.xls,ES-Regress,SUMMARY OUTPUT: Enrollment/Capacity,,text,12,Regression Statistics | Multiple R | R Square | Adjusted R Square | Standard Error,,,xls,medium,Some headers were missing; generated column_N names. Sampled first 15 non-empty rows from worksheet.
paper-2003-01,The Next America Revisited,READY-TO-UPLOAD/PUBLIC,/Users/dlev2617/Documents/Code/Agents/github-packages/READY-TO-UPLOAD/PUBLIC/paper-2003-01-the-next-america-revisited,data/original/schools/HowCoSchooldatabase.xls,ES-Regress,column_2,,mixed_numeric_text,12,0.5168736360471172 | 0.2671583556405677 | 0.21078592145907293 | 0.12059966651804815 | 15.0,,,xls,medium,Some headers were missing; generated column_N names. Sampled first 15 non-empty rows from worksheet.
paper-2003-01,The Next America Revisited,READY-TO-UPLOAD/PUBLIC,/Users/dlev2617/Documents/Code/Agents/github-packages/READY-TO-UPLOAD/PUBLIC/paper-2003-01-the-next-america-revisited,data/original/schools/HowCoSchooldatabase.xls,ES-Regress,column_3,,mixed_numeric_text,7,SS | 0.06892776352100685 | 0.18907563433543753 | 0.2580033978564444 | Standard Error,,,xls,medium,Some headers were missing; generated column_N names. Sampled first 15 non-empty rows from worksheet.
paper-2003-01,The Next America Revisited,READY-TO-UPLOAD/PUBLIC,/Users/dlev2617/Documents/Code/Agents/github-packages/READY-TO-UPLOAD/PUBLIC/paper-2003-01-the-next-america-revisited,data/original/schools/HowCoSchooldatabase.xls,ES-Regress,column_4,,mixed_numeric_text,6,MS | 0.06892776352100685 | 0.014544279564264425 | t Stat | 16.217684332396,,,xls,medium,Some headers were missing; generated column_N names. Sampled first 15 non-empty rows from worksheet.
paper-2003-01,The Next America Revisited,READY-TO-UPLOAD/PUBLIC,/Users/dlev2617/Documents/Code/Agents/github-packages/READY-TO-UPLOAD/PUBLIC/paper-2003-01-the-next-america-revisited,data/original/schools/HowCoSchooldatabase.xls,ES-Regress,column_5,,mixed_numeric_text,5,F | 4.7391665717402525 | P-value | 5.251298617254539e-10 | 0.048504392094008926,,,xls,medium,Some headers were missing; generated column_N names. Sampled first 15 non-empty rows from worksheet.
paper-2003-01,The Next America Revisited,READY-TO-UPLOAD/PUBLIC,/Users/dlev2617/Documents/Code/Agents/github-packages/READY-TO-UPLOAD/PUBLIC/paper-2003-01-the-next-america-revisited,data/original/schools/HowCoSchooldatabase.xls,ES-Regress,column_6,,mixed_numeric_text,5,Significance F | 0.048504392094009856 | Lower 95% | 1.0630585541275377 | -0.008908386712407061,,,xls,medium,Some headers were missing; generated column_N names. Sampled first 15 non-empty rows from worksheet.
paper-2003-01,The Next America Revisited,READY-TO-UPLOAD/PUBLIC,/Users/dlev2617/Documents/Code/Agents/github-packages/READY-TO-UPLOAD/PUBLIC/paper-2003-01-the-next-america-revisited,data/original/schools/HowCoSchooldatabase.xls,ES-Regress,column_7,,mixed_numeric_text,3,Upper 95% | 1.3898062664683792 | -3.408313048240252e-05,,,xls,medium,Some headers were missing; generated column_N names. Sampled first 15 non-empty rows from worksheet.
paper-2003-01,The Next America Revisited,READY-TO-UPLOAD/PUBLIC,/Users/dlev2617/Documents/Code/Agents/github-packages/READY-TO-UPLOAD/PUBLIC/paper-2003-01-the-next-america-revisited,data/original/schools/HowCoSchooldatabase.xls,ES-Regress,column_8,,mixed_numeric_text,3,Lower 95.0% | 1.0630585541275377 | -0.008908386712407061,,,xls,medium,Some headers were missing; generated column_N names. Sampled first 15 non-empty rows from worksheet.
paper-2003-01,The Next America Revisited,READY-TO-UPLOAD/PUBLIC,/Users/dlev2617/Documents/Code/Agents/github-packages/READY-TO-UPLOAD/PUBLIC/paper-2003-01-the-next-america-revisited,data/original/schools/HowCoSchooldatabase.xls,ES-Regress,column_9,,mixed_numeric_text,3,Upper 95.0% | 1.3898062664683792 | -3.408313048240252e-05,,,xls,medium,Some headers were missing; generated column_N names. Sampled first 15 non-empty rows from worksheet.
paper-2003-01,The Next America Revisited,READY-TO-UPLOAD/PUBLIC,/Users/dlev2617/Documents/Code/Agents/github-packages/READY-TO-UPLOAD/PUBLIC/paper-2003-01-the-next-america-revisited,data/original/schools/HowCoSchooldatabase.xls,ES-Corr,column_1,,text,21,Year | Capacity | Enrollment | Enroll/Capacity | White,,,xls,medium,Some headers were missing; generated column_N names. Sampled first 22 non-empty rows from worksheet.
paper-2003-01,The Next America Revisited,READY-TO-UPLOAD/PUBLIC,/Users/dlev2617/Documents/Code/Agents/github-packages/READY-TO-UPLOAD/PUBLIC/paper-2003-01-the-next-america-revisited,data/original/schools/HowCoSchooldatabase.xls,ES-Corr,Year,,numeric,21,1.0 | 0.6006463743943379 | 0.5235264519557313 | -0.0017604422332905397 | 0.07719725778997752,-0.307020722456,1,xls,medium,Some headers were missing; generated column_N names. Sampled first 22 non-empty rows from worksheet.
paper-2003-01,The Next America Revisited,READY-TO-UPLOAD/PUBLIC,/Users/dlev2617/Documents/Code/Agents/github-packages/READY-TO-UPLOAD/PUBLIC/paper-2003-01-the-next-america-revisited,data/original/schools/HowCoSchooldatabase.xls,ES-Corr,Capacity,,numeric,20,1.0 | 0.9532272959998453 | 0.4001412735116716 | 0.28765131380401027 | -0.44569849980898163,-0.642208195469,1,xls,medium,Some headers were missing; generated column_N names. Sampled first 22 non-empty rows from worksheet.
paper-2003-01,The Next America Revisited,READY-TO-UPLOAD/PUBLIC,/Users/dlev2617/Documents/Code/Agents/github-packages/READY-TO-UPLOAD/PUBLIC/paper-2003-01-the-next-america-revisited,data/original/schools/HowCoSchooldatabase.xls,ES-Corr,Enrollment,,numeric,19,1.0 | 0.6523108333975994 | 0.39571485561931297 | -0.5453695631057455 | 0.8087316141841422,-0.744374318172,1,xls,medium,Some headers were missing; generated column_N names. Sampled first 22 non-empty rows from worksheet.
paper-2003-01,The Next America Revisited,READY-TO-UPLOAD/PUBLIC,/Users/dlev2617/Documents/Code/Agents/github-packages/READY-TO-UPLOAD/PUBLIC/paper-2003-01-the-next-america-revisited,data/original/schools/HowCoSchooldatabase.xls,ES-Corr,Enroll/Capacity,,numeric,18,1.0 | 0.48294666236918016 | -0.5168736360471174 | 0.39535019415521444 | -0.3631618373473255,-0.688672322427,1,xls,medium,Some headers were missing; generated column_N names. Sampled first 22 non-empty rows from worksheet.
paper-2003-01,The Next America Revisited,READY-TO-UPLOAD/PUBLIC,/Users/dlev2617/Documents/Code/Agents/github-packages/READY-TO-UPLOAD/PUBLIC/paper-2003-01-the-next-america-revisited,data/original/schools/HowCoSchooldatabase.xls,ES-Corr,White,,numeric,17,1.0 | -0.948397751590397 | 0.41401143529805884 | -0.774310414969389 | -0.2672964394763034,-0.952274796104,1,xls,medium,Some headers were missing; generated column_N names. Sampled first 22 non-empty rows from worksheet.
paper-2003-01,The Next America Revisited,READY-TO-UPLOAD/PUBLIC,/Users/dlev2617/Documents/Code/Agents/github-packages/READY-TO-UPLOAD/PUBLIC/paper-2003-01-the-next-america-revisited,data/original/schools/HowCoSchooldatabase.xls,ES-Corr,African-American,,numeric,16,1.0 | -0.6366409002538956 | 0.6122204138586758 | 0.27653446348560456 | 0.9118552853419797,-0.868767401677,1,xls,medium,Some headers were missing; generated column_N names. Sampled first 22 non-empty rows from worksheet.
paper-2003-01,The Next America Revisited,READY-TO-UPLOAD/PUBLIC,/Users/dlev2617/Documents/Code/Agents/github-packages/READY-TO-UPLOAD/PUBLIC/paper-2003-01-the-next-america-revisited,data/original/schools/HowCoSchooldatabase.xls,ES-Corr,Asian,,numeric,15,1.0 | -0.2611308054666651 | -0.09442506732724958 | -0.506861668930404 | -0.15525877922672696,-0.56255448501,1,xls,medium,Some headers were missing; generated column_N names. Sampled first 22 non-empty rows from worksheet.
paper-2003-01,The Next America Revisited,READY-TO-UPLOAD/PUBLIC,/Users/dlev2617/Documents/Code/Agents/github-packages/READY-TO-UPLOAD/PUBLIC/paper-2003-01-the-next-america-revisited,data/original/schools/HowCoSchooldatabase.xls,ES-Corr,Hispanic,,numeric,14,1.0 | -0.0076963437717618415 | 0.8245610966224144 | 0.8402511230816228 | 0.5956410347229847,-0.499379759291,1,xls,medium,Some headers were missing; generated column_N names. Sampled first 22 non-empty rows from worksheet.
paper-2003-01,The Next America Revisited,READY-TO-UPLOAD/PUBLIC,/Users/dlev2617/Documents/Code/Agents/github-packages/READY-TO-UPLOAD/PUBLIC/paper-2003-01-the-next-america-revisited,data/original/schools/HowCoSchooldatabase.xls,ES-Corr,Other,,numeric,13,1.0 | 0.18520979233769636 | 0.13512635511255425 | -0.06127566135449691 | -0.22951674019753637,-0.316127590549,1,xls,medium,Some headers were missing; generated column_N names. Sampled first 22 non-empty rows from worksheet.
paper-2003-01,The Next America Revisited,READY-TO-UPLOAD/PUBLIC,/Users/dlev2617/Documents/Code/Agents/github-packages/READY-TO-UPLOAD/PUBLIC/paper-2003-01-the-next-america-revisited,data/original/schools/HowCoSchooldatabase.xls,ES-Corr,FreeLunch,,numeric,12,1.0 | 0.7668063455197525 | 0.36325360827156356 | -0.29049264664579866 | 0.9196326227064995,-0.769025635633,1,xls,medium,Some headers were missing; generated column_N names. Sampled first 22 non-empty rows from worksheet.
paper-2003-01,The Next America Revisited,READY-TO-UPLOAD/PUBLIC,/Users/dlev2617/Documents/Code/Agents/github-packages/READY-TO-UPLOAD/PUBLIC/paper-2003-01-the-next-america-revisited,data/original/schools/HowCoSchooldatabase.xls,ES-Corr,Limited English,,numeric,11,1.0 | 0.43530444695623166 | -0.039616727116891105 | 0.7838275730908275 | 0.6525930603893972,-0.510182379494,1,xls,medium,Some headers were missing; generated column_N names. Sampled first 22 non-empty rows from worksheet.
paper-2003-01,The Next America Revisited,READY-TO-UPLOAD/PUBLIC,/Users/dlev2617/Documents/Code/Agents/github-packages/READY-TO-UPLOAD/PUBLIC/paper-2003-01-the-next-america-revisited,data/original/schools/HowCoSchooldatabase.xls,ES-Corr,SpecialEd,,numeric,10,1.0 | -0.3143182679820582 | 0.2297420673869595 | 0.6817108769611948 | -0.18006822227826275,-0.314318267982,1,xls,medium,Some headers were missing; generated column_N names. Sampled first 22 non-empty rows from worksheet.
paper-2003-01,The Next America Revisited,READY-TO-UPLOAD/PUBLIC,/Users/dlev2617/Documents/Code/Agents/github-packages/READY-TO-UPLOAD/PUBLIC/paper-2003-01-the-next-america-revisited,data/original/schools/HowCoSchooldatabase.xls,ES-Corr,SchoolBuses,,numeric,9,1.0 | -0.0200588522568461 | -0.5689341908474173 | 0.6728603284536216 | -0.5043746310477077,-0.568934190847,1,xls,medium,Some headers were missing; generated column_N names. Sampled first 22 non-empty rows from worksheet.
paper-2003-01,The Next America Revisited,READY-TO-UPLOAD/PUBLIC,/Users/dlev2617/Documents/Code/Agents/github-packages/READY-TO-UPLOAD/PUBLIC/paper-2003-01-the-next-america-revisited,data/original/schools/HowCoSchooldatabase.xls,ES-Corr,Entrants,,numeric,8,1.0 | 0.7017968464283942 | -0.002888977860920496 | 0.5373554112531554 | -0.7317959641453254,-0.731795964145,1,xls,medium,Some headers were missing; generated column_N names. Sampled first 22 non-empty rows from worksheet.
paper-2003-01,The Next America Revisited,READY-TO-UPLOAD/PUBLIC,/Users/dlev2617/Documents/Code/Agents/github-packages/READY-TO-UPLOAD/PUBLIC/paper-2003-01-the-next-america-revisited,data/original/schools/HowCoSchooldatabase.xls,ES-Corr,Withdrawls,,numeric,7,1.0 | -0.4013896815440422 | 0.7529111820928895 | -0.5169257698828302 | -0.4842740927263159,-0.571114158096,1,xls,medium,Some headers were missing; generated column_N names. Sampled first 22 non-empty rows from worksheet.
paper-2003-01,The Next America Revisited,READY-TO-UPLOAD/PUBLIC,/Users/dlev2617/Documents/Code/Agents/github-packages/READY-TO-UPLOAD/PUBLIC/paper-2003-01-the-next-america-revisited,data/original/schools/HowCoSchooldatabase.xls,ES-Corr,Computers,,numeric,6,1.0 | -0.22363224774485216 | 0.23300570048445032 | 0.3552021146037013 | 0.38608731232007293,-0.223632247745,1,xls,medium,Some headers were missing; generated column_N names. Sampled first 22 non-empty rows from worksheet.
paper-2003-01,The Next America Revisited,READY-TO-UPLOAD/PUBLIC,/Users/dlev2617/Documents/Code/Agents/github-packages/READY-TO-UPLOAD/PUBLIC/paper-2003-01-the-next-america-revisited,data/original/schools/HowCoSchooldatabase.xls,ES-Corr,Computers/Student,,numeric,5,1.0 | -0.17828718203246605 | -0.20592284126048785 | -0.18759193965116883 | 0.4323226981731374,-0.20592284126,1,xls,medium,Some headers were missing; generated column_N names. Sampled first 22 non-empty rows from worksheet.
paper-2003-01,The Next America Revisited,READY-TO-UPLOAD/PUBLIC,/Users/dlev2617/Documents/Code/Agents/github-packages/READY-TO-UPLOAD/PUBLIC/paper-2003-01-the-next-america-revisited,data/original/schools/HowCoSchooldatabase.xls,ES-Corr,CTBS-Reading (G4),,numeric,4,1.0 | 0.9209153618382924 | 0.9433564436484652 | -0.5470152679297634,-0.54701526793,1,xls,medium,Some headers were missing; generated column_N names. Sampled first 22 non-empty rows from worksheet.
paper-2003-01,The Next America Revisited,READY-TO-UPLOAD/PUBLIC,/Users/dlev2617/Documents/Code/Agents/github-packages/READY-TO-UPLOAD/PUBLIC/paper-2003-01-the-next-america-revisited,data/original/schools/HowCoSchooldatabase.xls,ES-Corr,CTBS Lang (G4),,numeric,3,1.0 | 0.8994193668074515 | -0.5257468007984792,-0.525746800798,1,xls,medium,Some headers were missing; generated column_N names. Sampled first 22 non-empty rows from worksheet.
paper-2003-01,The Next America Revisited,READY-TO-UPLOAD/PUBLIC,/Users/dlev2617/Documents/Code/Agents/github-packages/READY-TO-UPLOAD/PUBLIC/paper-2003-01-the-next-america-revisited,data/original/schools/HowCoSchooldatabase.xls,ES-Corr,CTBS Math (G4),,numeric,2,1.0 | -0.4678762361114075,-0.467876236111,1,xls,medium,Some headers were missing; generated column_N names. Sampled first 22 non-empty rows from worksheet.
paper-2003-01,The Next America Revisited,READY-TO-UPLOAD/PUBLIC,/Users/dlev2617/Documents/Code/Agents/github-packages/READY-TO-UPLOAD/PUBLIC/paper-2003-01-the-next-america-revisited,data/original/schools/HowCoSchooldatabase.xls,ES-Corr,Title I,,numeric,1,1.0,1,1,xls,medium,Some headers were missing; generated column_N names. Sampled first 22 non-empty rows from worksheet.
paper-2003-01,The Next America Revisited,READY-TO-UPLOAD/PUBLIC,/Users/dlev2617/Documents/Code/Agents/github-packages/READY-TO-UPLOAD/PUBLIC/paper-2003-01-the-next-america-revisited,data/original/schools/HowCoSchooldatabase.xls,MS-Corr,column_1,,text,20,Year | Capacity | Enrollment | Enroll/Capacity | White,,,xls,medium,Some headers were missing; generated column_N names. Sampled first 21 non-empty rows from worksheet.
paper-2003-01,The Next America Revisited,READY-TO-UPLOAD/PUBLIC,/Users/dlev2617/Documents/Code/Agents/github-packages/READY-TO-UPLOAD/PUBLIC/paper-2003-01-the-next-america-revisited,data/original/schools/HowCoSchooldatabase.xls,MS-Corr,Year,,numeric,20,1.0 | -0.0994936676326182 | 0.07463604028075103 | 0.10491797497522298 | -0.01116504116069797,-0.84394312017,1,xls,medium,Some headers were missing; generated column_N names. Sampled first 21 non-empty rows from worksheet.
paper-2003-01,The Next America Revisited,READY-TO-UPLOAD/PUBLIC,/Users/dlev2617/Documents/Code/Agents/github-packages/READY-TO-UPLOAD/PUBLIC/paper-2003-01-the-next-america-revisited,data/original/schools/HowCoSchooldatabase.xls,MS-Corr,Capacity,,numeric,19,1.0 | -0.2790445402478377 | -0.7473588066505565 | -0.9918311556669472 | 0.9902652397987021,-0.991831155667,1,xls,medium,Some headers were missing; generated column_N names. Sampled first 21 non-empty rows from worksheet.
paper-2003-01,The Next America Revisited,READY-TO-UPLOAD/PUBLIC,/Users/dlev2617/Documents/Code/Agents/github-packages/READY-TO-UPLOAD/PUBLIC/paper-2003-01-the-next-america-revisited,data/original/schools/HowCoSchooldatabase.xls,MS-Corr,Enrollment,,numeric,18,1.0 | 0.846572483012214 | 0.21026956528492238 | -0.2095048942988197 | 0.610099707460968,-0.899461164917,1,xls,medium,Some headers were missing; generated column_N names. Sampled first 21 non-empty rows from worksheet.
paper-2003-01,The Next America Revisited,READY-TO-UPLOAD/PUBLIC,/Users/dlev2617/Documents/Code/Agents/github-packages/READY-TO-UPLOAD/PUBLIC/paper-2003-01-the-next-america-revisited,data/original/schools/HowCoSchooldatabase.xls,MS-Corr,Enroll/Capacity,,numeric,17,1.0 | 0.6954470687975307 | -0.6940752957690796 | 0.13998729339951646 | -0.6216793251577094,-0.985573760558,1,xls,medium,Some headers were missing; generated column_N names. Sampled first 21 non-empty rows from worksheet.
paper-2003-01,The Next America Revisited,READY-TO-UPLOAD/PUBLIC,/Users/dlev2617/Documents/Code/Agents/github-packages/READY-TO-UPLOAD/PUBLIC/paper-2003-01-the-next-america-revisited,data/original/schools/HowCoSchooldatabase.xls,MS-Corr,White,,numeric,16,1.0 | -0.9999086082892126 | -0.5963687688915436 | 0.10237818965609616 | 0.8613886177594048,-0.999908608289,1,xls,medium,Some headers were missing; generated column_N names. Sampled first 21 non-empty rows from worksheet.
paper-2003-01,The Next America Revisited,READY-TO-UPLOAD/PUBLIC,/Users/dlev2617/Documents/Code/Agents/github-packages/READY-TO-UPLOAD/PUBLIC/paper-2003-01-the-next-america-revisited,data/original/schools/HowCoSchooldatabase.xls,MS-Corr,African-American,,numeric,15,1.0 | 0.6006664376488647 | -0.1073993463648414 | -0.8680031819615222 | 0.49152813897134845,-0.876149673924,1,xls,medium,Some headers were missing; generated column_N names. Sampled first 21 non-empty rows from worksheet.
paper-2003-01,The Next America Revisited,READY-TO-UPLOAD/PUBLIC,/Users/dlev2617/Documents/Code/Agents/github-packages/READY-TO-UPLOAD/PUBLIC/paper-2003-01-the-next-america-revisited,data/original/schools/HowCoSchooldatabase.xls,MS-Corr,Asian,,numeric,14,1.0 | -0.8592059354400835 | -0.7565978957233824 | -0.10287246418533937 | 0.6899058041666316,-0.992231709319,1,xls,medium,Some headers were missing; generated column_N names. Sampled first 21 non-empty rows from worksheet.
paper-2003-01,The Next America Revisited,READY-TO-UPLOAD/PUBLIC,/Users/dlev2617/Documents/Code/Agents/github-packages/READY-TO-UPLOAD/PUBLIC/paper-2003-01-the-next-america-revisited,data/original/schools/HowCoSchooldatabase.xls,MS-Corr,Hispanic,,numeric,13,1.0 | 0.37718220696260923 | 0.4270320597629662 | -0.3005354595277273 | 0.816092159611942,-0.681279954537,1,xls,medium,Some headers were missing; generated column_N names. Sampled first 21 non-empty rows from worksheet.
paper-2003-01,The Next America Revisited,READY-TO-UPLOAD/PUBLIC,/Users/dlev2617/Documents/Code/Agents/github-packages/READY-TO-UPLOAD/PUBLIC/paper-2003-01-the-next-america-revisited,data/original/schools/HowCoSchooldatabase.xls,MS-Corr,Other,,numeric,12,1.0 | 0.005645874290988883 | -0.6584244824123962 | 0.8272888841943364 | -0.7789240586062424,-0.778924058606,1,xls,medium,Some headers were missing; generated column_N names. Sampled first 21 non-empty rows from worksheet.
paper-2003-01,The Next America Revisited,READY-TO-UPLOAD/PUBLIC,/Users/dlev2617/Documents/Code/Agents/github-packages/READY-TO-UPLOAD/PUBLIC/paper-2003-01-the-next-america-revisited,data/original/schools/HowCoSchooldatabase.xls,MS-Corr,FreeLunch,,numeric,11,1.0 | 0.637299243434359 | 0.13066681254655205 | 0.2187280744564397 | 0.3867934562939128,-0.906931415178,1,xls,medium,Some headers were missing; generated column_N names. Sampled first 21 non-empty rows from worksheet.
paper-2003-01,The Next America Revisited,READY-TO-UPLOAD/PUBLIC,/Users/dlev2617/Documents/Code/Agents/github-packages/READY-TO-UPLOAD/PUBLIC/paper-2003-01-the-next-america-revisited,data/original/schools/HowCoSchooldatabase.xls,MS-Corr,Limited English,,numeric,10,1.0 | -0.679866436145927 | 0.887052549174004 | 0.8498905201116104 | 0.5491928325908583,-0.708424841122,1,xls,medium,Some headers were missing; generated column_N names. Sampled first 21 non-empty rows from worksheet.
paper-2003-01,The Next America Revisited,READY-TO-UPLOAD/PUBLIC,/Users/dlev2617/Documents/Code/Agents/github-packages/READY-TO-UPLOAD/PUBLIC/paper-2003-01-the-next-america-revisited,data/original/schools/HowCoSchooldatabase.xls,MS-Corr,SpecialEd,,numeric,9,1.0 | -0.937139856069687 | -0.747886348248061 | -0.0835142422175295 | 0.8629991031181334,-0.93713985607,1,xls,medium,Some headers were missing; generated column_N names. Sampled first 21 non-empty rows from worksheet.
paper-2003-01,The Next America Revisited,READY-TO-UPLOAD/PUBLIC,/Users/dlev2617/Documents/Code/Agents/github-packages/READY-TO-UPLOAD/PUBLIC/paper-2003-01-the-next-america-revisited,data/original/schools/HowCoSchooldatabase.xls,MS-Corr,SchoolBuses,,numeric,8,1.0 | 0.8950265209412344 | 0.2518919783425617 | -0.6344511122678328 | -0.6921431794790366,-0.692143179479,1,xls,medium,Some headers were missing; generated column_N names. Sampled first 21 non-empty rows from worksheet.
paper-2003-01,The Next America Revisited,READY-TO-UPLOAD/PUBLIC,/Users/dlev2617/Documents/Code/Agents/github-packages/READY-TO-UPLOAD/PUBLIC/paper-2003-01-the-next-america-revisited,data/original/schools/HowCoSchooldatabase.xls,MS-Corr,Entrants,,numeric,7,1.0 | 0.026676794395834362 | -0.3400829899401944 | -0.4738993748764464 | -0.23256711154586668,-0.473899374876,1,xls,medium,Some headers were missing; generated column_N names. Sampled first 21 non-empty rows from worksheet.
paper-2003-01,The Next America Revisited,READY-TO-UPLOAD/PUBLIC,/Users/dlev2617/Documents/Code/Agents/github-packages/READY-TO-UPLOAD/PUBLIC/paper-2003-01-the-next-america-revisited,data/original/schools/HowCoSchooldatabase.xls,MS-Corr,Withdrawls,,numeric,6,1.0 | 0.1110425069471075 | 0.2331635237961326 | -0.9771451390535314 | -0.8675174168267463,-0.977145139054,1,xls,medium,Some headers were missing; generated column_N names. Sampled first 21 non-empty rows from worksheet.
paper-2003-01,The Next America Revisited,READY-TO-UPLOAD/PUBLIC,/Users/dlev2617/Documents/Code/Agents/github-packages/READY-TO-UPLOAD/PUBLIC/paper-2003-01-the-next-america-revisited,data/original/schools/HowCoSchooldatabase.xls,MS-Corr,Computers,,numeric,5,1.0 | 0.9793454712764221 | -0.08438712786315622 | -0.5247845051772143 | -0.2465435598126031,-0.524784505177,1,xls,medium,Some headers were missing; generated column_N names. Sampled first 21 non-empty rows from worksheet.
paper-2003-01,The Next America Revisited,READY-TO-UPLOAD/PUBLIC,/Users/dlev2617/Documents/Code/Agents/github-packages/READY-TO-UPLOAD/PUBLIC/paper-2003-01-the-next-america-revisited,data/original/schools/HowCoSchooldatabase.xls,MS-Corr,Computers/Student,,numeric,4,1.0 | -0.171021435459083 | -0.576492646277988 | -0.33384602102068844,-0.576492646278,1,xls,medium,Some headers were missing; generated column_N names. Sampled first 21 non-empty rows from worksheet.
paper-2003-01,The Next America Revisited,READY-TO-UPLOAD/PUBLIC,/Users/dlev2617/Documents/Code/Agents/github-packages/READY-TO-UPLOAD/PUBLIC/paper-2003-01-the-next-america-revisited,data/original/schools/HowCoSchooldatabase.xls,MS-Corr,CTBS-Reading (G6),,numeric,3,1.0 | 0.8896211119524454 | 0.9858223973506376,0.889621111952,1,xls,medium,Some headers were missing; generated column_N names. Sampled first 21 non-empty rows from worksheet.
paper-2003-01,The Next America Revisited,READY-TO-UPLOAD/PUBLIC,/Users/dlev2617/Documents/Code/Agents/github-packages/READY-TO-UPLOAD/PUBLIC/paper-2003-01-the-next-america-revisited,data/original/schools/HowCoSchooldatabase.xls,MS-Corr,CTBS Lang (G6),,numeric,2,1.0 | 0.9484982995701781,0.94849829957,1,xls,medium,Some headers were missing; generated column_N names. Sampled first 21 non-empty rows from worksheet.
paper-2003-01,The Next America Revisited,READY-TO-UPLOAD/PUBLIC,/Users/dlev2617/Documents/Code/Agents/github-packages/READY-TO-UPLOAD/PUBLIC/paper-2003-01-the-next-america-revisited,data/original/schools/HowCoSchooldatabase.xls,MS-Corr,CTBS Math (G6),,numeric,1,1.0,1,1,xls,medium,Some headers were missing; generated column_N names. Sampled first 21 non-empty rows from worksheet.
paper-2003-01,The Next America Revisited,READY-TO-UPLOAD/PUBLIC,/Users/dlev2617/Documents/Code/Agents/github-packages/READY-TO-UPLOAD/PUBLIC/paper-2003-01-the-next-america-revisited,data/original/schools/HowCoSchooldatabase.xls,HS-Corr,column_1,,text,18,Year | Capacity | Enrollment | Enroll/Capacity | White,,,xls,medium,Some headers were missing; generated column_N names. Sampled first 19 non-empty rows from worksheet.
paper-2003-01,The Next America Revisited,READY-TO-UPLOAD/PUBLIC,/Users/dlev2617/Documents/Code/Agents/github-packages/READY-TO-UPLOAD/PUBLIC/paper-2003-01-the-next-america-revisited,data/original/schools/HowCoSchooldatabase.xls,HS-Corr,Year,,numeric,18,1.0 | 0.6811865761413325 | 0.8861568409935656 | 0.9000149871751939 | -0.0013838911145463131,-0.589278551925,1,xls,medium,Some headers were missing; generated column_N names. Sampled first 19 non-empty rows from worksheet.
paper-2003-01,The Next America Revisited,READY-TO-UPLOAD/PUBLIC,/Users/dlev2617/Documents/Code/Agents/github-packages/READY-TO-UPLOAD/PUBLIC/paper-2003-01-the-next-america-revisited,data/original/schools/HowCoSchooldatabase.xls,HS-Corr,Capacity,,numeric,17,1.0 | 0.8794302704769951 | 0.6435995617365619 | 0.4296810609283381 | -0.5052031350241821,-0.781733084487,1,xls,medium,Some headers were missing; generated column_N names. Sampled first 19 non-empty rows from worksheet.
paper-2003-01,The Next America Revisited,READY-TO-UPLOAD/PUBLIC,/Users/dlev2617/Documents/Code/Agents/github-packages/READY-TO-UPLOAD/PUBLIC/paper-2003-01-the-next-america-revisited,data/original/schools/HowCoSchooldatabase.xls,HS-Corr,Enrollment,,numeric,16,1.0 | 0.9303346625150456 | 0.43126359135906067 | -0.5787904807843857 | 0.7660176877758718,-0.768841901606,1,xls,medium,Some headers were missing; generated column_N names. Sampled first 19 non-empty rows from worksheet.
paper-2003-01,The Next America Revisited,READY-TO-UPLOAD/PUBLIC,/Users/dlev2617/Documents/Code/Agents/github-packages/READY-TO-UPLOAD/PUBLIC/paper-2003-01-the-next-america-revisited,data/original/schools/HowCoSchooldatabase.xls,HS-Corr,Enroll/Capacity,,numeric,15,1.0 | 0.3623820353957141 | -0.5413983120399786 | 0.8529188345972865 | -0.30353122566170093,-0.6339380148,1,xls,medium,Some headers were missing; generated column_N names. Sampled first 19 non-empty rows from worksheet.
paper-2003-01,The Next America Revisited,READY-TO-UPLOAD/PUBLIC,/Users/dlev2617/Documents/Code/Agents/github-packages/READY-TO-UPLOAD/PUBLIC/paper-2003-01-the-next-america-revisited,data/original/schools/HowCoSchooldatabase.xls,HS-Corr,White,,numeric,14,1.0 | -0.9603758632438734 | 0.34362453639575363 | -0.8701692563763606 | -0.2606141424150403,-0.961641921269,1,xls,medium,Some headers were missing; generated column_N names. Sampled first 19 non-empty rows from worksheet.
paper-2003-01,The Next America Revisited,READY-TO-UPLOAD/PUBLIC,/Users/dlev2617/Documents/Code/Agents/github-packages/READY-TO-UPLOAD/PUBLIC/paper-2003-01-the-next-america-revisited,data/original/schools/HowCoSchooldatabase.xls,HS-Corr,African-American,,numeric,13,1.0 | -0.5889221662267117 | 0.7416238919971028 | 0.45359437853483814 | 0.8910137541310972,-0.776556154839,1,xls,medium,Some headers were missing; generated column_N names. Sampled first 19 non-empty rows from worksheet.
paper-2003-01,The Next America Revisited,READY-TO-UPLOAD/PUBLIC,/Users/dlev2617/Documents/Code/Agents/github-packages/READY-TO-UPLOAD/PUBLIC/paper-2003-01-the-next-america-revisited,data/original/schools/HowCoSchooldatabase.xls,HS-Corr,Asian,,numeric,12,1.0 | -0.03458685809495791 | -0.6987119716139988 | -0.21115305926199054 | 0.4578859084680633,-0.698711971614,1,xls,medium,Some headers were missing; generated column_N names. Sampled first 19 non-empty rows from worksheet.
paper-2003-01,The Next America Revisited,READY-TO-UPLOAD/PUBLIC,/Users/dlev2617/Documents/Code/Agents/github-packages/READY-TO-UPLOAD/PUBLIC/paper-2003-01-the-next-america-revisited,data/original/schools/HowCoSchooldatabase.xls,HS-Corr,Hispanic,,numeric,11,1.0 | -0.21198652743778174 | 0.8568685386276091 | 0.7683035596376311 | 0.8873673757946232,-0.631587695181,1,xls,medium,Some headers were missing; generated column_N names. Sampled first 19 non-empty rows from worksheet.
paper-2003-01,The Next America Revisited,READY-TO-UPLOAD/PUBLIC,/Users/dlev2617/Documents/Code/Agents/github-packages/READY-TO-UPLOAD/PUBLIC/paper-2003-01-the-next-america-revisited,data/original/schools/HowCoSchooldatabase.xls,HS-Corr,Other,,numeric,10,1.0 | 0.11313297718726685 | -0.24036037369686616 | -0.057094314980049174 | -0.4136701519960017,-0.598961535023,1,xls,medium,Some headers were missing; generated column_N names. Sampled first 19 non-empty rows from worksheet.
paper-2003-01,The Next America Revisited,READY-TO-UPLOAD/PUBLIC,/Users/dlev2617/Documents/Code/Agents/github-packages/READY-TO-UPLOAD/PUBLIC/paper-2003-01-the-next-america-revisited,data/original/schools/HowCoSchooldatabase.xls,HS-Corr,FreeLunch,,numeric,9,1.0 | 0.6072828945033821 | 0.9476505214612867 | -0.5824192376595981 | 0.5404207670194047,-0.58241923766,1,xls,medium,Some headers were missing; generated column_N names. Sampled first 19 non-empty rows from worksheet.
paper-2003-01,The Next America Revisited,READY-TO-UPLOAD/PUBLIC,/Users/dlev2617/Documents/Code/Agents/github-packages/READY-TO-UPLOAD/PUBLIC/paper-2003-01-the-next-america-revisited,data/original/schools/HowCoSchooldatabase.xls,HS-Corr,Limited English,,numeric,8,1.0 | 0.47971830256660564 | 0.22089258930404407 | 0.35655472565522284 | 0.04059250626885284,-0.451270057363,1,xls,medium,Some headers were missing; generated column_N names. Sampled first 19 non-empty rows from worksheet.
paper-2003-01,The Next America Revisited,READY-TO-UPLOAD/PUBLIC,/Users/dlev2617/Documents/Code/Agents/github-packages/READY-TO-UPLOAD/PUBLIC/paper-2003-01-the-next-america-revisited,data/original/schools/HowCoSchooldatabase.xls,HS-Corr,SpecialEd,,numeric,7,1.0 | -0.6894972044446995 | 0.7550917242902792 | 0.6641646695959075 | -0.646735130669617,-0.689497204445,1,xls,medium,Some headers were missing; generated column_N names. Sampled first 19 non-empty rows from worksheet.
paper-2003-01,The Next America Revisited,READY-TO-UPLOAD/PUBLIC,/Users/dlev2617/Documents/Code/Agents/github-packages/READY-TO-UPLOAD/PUBLIC/paper-2003-01-the-next-america-revisited,data/original/schools/HowCoSchooldatabase.xls,HS-Corr,SchoolBuses,,numeric,6,1.0 | -0.4031888089782825 | -0.5373231184585359 | 0.6043200421835688 | 0.09389625234326672,-0.537323118459,1,xls,medium,Some headers were missing; generated column_N names. Sampled first 19 non-empty rows from worksheet.
paper-2003-01,The Next America Revisited,READY-TO-UPLOAD/PUBLIC,/Users/dlev2617/Documents/Code/Agents/github-packages/READY-TO-UPLOAD/PUBLIC/paper-2003-01-the-next-america-revisited,data/original/schools/HowCoSchooldatabase.xls,HS-Corr,Entrants,,numeric,5,1.0 | 0.947302280189608 | -0.9063770129134375 | -0.901590014976789 | -0.6026688532948528,-0.906377012913,1,xls,medium,Some headers were missing; generated column_N names. Sampled first 19 non-empty rows from worksheet.
paper-2003-01,The Next America Revisited,READY-TO-UPLOAD/PUBLIC,/Users/dlev2617/Documents/Code/Agents/github-packages/READY-TO-UPLOAD/PUBLIC/paper-2003-01-the-next-america-revisited,data/original/schools/HowCoSchooldatabase.xls,HS-Corr,Withdrawls,,numeric,4,1.0 | -0.9931227886542322 | -0.8712978329871482 | -0.4925568245025134,-0.993122788654,1,xls,medium,Some headers were missing; generated column_N names. Sampled first 19 non-empty rows from worksheet.
paper-2003-01,The Next America Revisited,READY-TO-UPLOAD/PUBLIC,/Users/dlev2617/Documents/Code/Agents/github-packages/READY-TO-UPLOAD/PUBLIC/paper-2003-01-the-next-america-revisited,data/original/schools/HowCoSchooldatabase.xls,HS-Corr,Computers,,numeric,3,1.0 | 0.8245332619025242 | 0.43508298822982433,0.43508298823,1,xls,medium,Some headers were missing; generated column_N names. Sampled first 19 non-empty rows from worksheet.
paper-2003-01,The Next America Revisited,READY-TO-UPLOAD/PUBLIC,/Users/dlev2617/Documents/Code/Agents/github-packages/READY-TO-UPLOAD/PUBLIC/paper-2003-01-the-next-america-revisited,data/original/schools/HowCoSchooldatabase.xls,HS-Corr,Computers/Student,,numeric,2,1.0 | 0.38433050652690687,0.384330506527,1,xls,medium,Some headers were missing; generated column_N names. Sampled first 19 non-empty rows from worksheet.
paper-2003-01,The Next America Revisited,READY-TO-UPLOAD/PUBLIC,/Users/dlev2617/Documents/Code/Agents/github-packages/READY-TO-UPLOAD/PUBLIC/paper-2003-01-the-next-america-revisited,data/original/schools/HowCoSchooldatabase.xls,HS-Corr,SAT,,numeric,1,1.0,1,1,xls,medium,Some headers were missing; generated column_N names. Sampled first 19 non-empty rows from worksheet.
paper-2003-01,The Next America Revisited,READY-TO-UPLOAD/PUBLIC,/Users/dlev2617/Documents/Code/Agents/github-packages/READY-TO-UPLOAD/PUBLIC/paper-2003-01-the-next-america-revisited,data/original/schools/HowCoSchooldatabase.xls,Data,School,,text,27,Wilde Lake HS | Oakland Mills HS | Long Reach HS | Hammond HS | River Hill HS,,,xls,medium,Some headers were missing; generated column_N names. Sampled first 34 non-empty rows from worksheet.
paper-2003-01,The Next America Revisited,READY-TO-UPLOAD/PUBLIC,/Users/dlev2617/Documents/Code/Agents/github-packages/READY-TO-UPLOAD/PUBLIC/paper-2003-01-the-next-america-revisited,data/original/schools/HowCoSchooldatabase.xls,Data,Type,,text,24,HS | MS | ES,,,xls,medium,Some headers were missing; generated column_N names. Sampled first 34 non-empty rows from worksheet.
paper-2003-01,The Next America Revisited,READY-TO-UPLOAD/PUBLIC,/Users/dlev2617/Documents/Code/Agents/github-packages/READY-TO-UPLOAD/PUBLIC/paper-2003-01-the-next-america-revisited,data/original/schools/HowCoSchooldatabase.xls,Data,Year,,mixed_numeric_text,29,1996.0 | 1973.0 | 1976.0 | 1994.0 | Total,,,xls,medium,Some headers were missing; generated column_N names. Sampled first 34 non-empty rows from worksheet.
paper-2003-01,The Next America Revisited,READY-TO-UPLOAD/PUBLIC,/Users/dlev2617/Documents/Code/Agents/github-packages/READY-TO-UPLOAD/PUBLIC/paper-2003-01-the-next-america-revisited,data/original/schools/HowCoSchooldatabase.xls,Data,Capacity,,mixed_numeric_text,29,1332.0 | 1057.0 | 6385.0 | Capacity | 506.0,,,xls,medium,Some headers were missing; generated column_N names. Sampled first 34 non-empty rows from worksheet.
paper-2003-01,The Next America Revisited,READY-TO-UPLOAD/PUBLIC,/Users/dlev2617/Documents/Code/Agents/github-packages/READY-TO-UPLOAD/PUBLIC/paper-2003-01-the-next-america-revisited,data/original/schools/HowCoSchooldatabase.xls,Data,Enrollment,,mixed_numeric_text,29,1466.0 | 968.0 | 1422.0 | 1261.0 | 1572.0,,,xls,medium,Some headers were missing; generated column_N names. Sampled first 34 non-empty rows from worksheet.
paper-2003-01,The Next America Revisited,READY-TO-UPLOAD/PUBLIC,/Users/dlev2617/Documents/Code/Agents/github-packages/READY-TO-UPLOAD/PUBLIC/paper-2003-01-the-next-america-revisited,data/original/schools/HowCoSchooldatabase.xls,Data,E/C,,mixed_numeric_text,26,1.1006006006006006 | 0.9157994323557237 | 1.0675675675675675 | 0.9466966966966966 | 1.1801801801801801,,,xls,medium,Some headers were missing; generated column_N names. Sampled first 34 non-empty rows from worksheet.
paper-2003-01,The Next America Revisited,READY-TO-UPLOAD/PUBLIC,/Users/dlev2617/Documents/Code/Agents/github-packages/READY-TO-UPLOAD/PUBLIC/paper-2003-01-the-next-america-revisited,data/original/schools/HowCoSchooldatabase.xls,Data,White,,mixed_numeric_text,29,56.4 | 55.6 | 56.7 | 72.3 | 79.3,,,xls,medium,Some headers were missing; generated column_N names. Sampled first 34 non-empty rows from worksheet.
paper-2003-01,The Next America Revisited,READY-TO-UPLOAD/PUBLIC,/Users/dlev2617/Documents/Code/Agents/github-packages/READY-TO-UPLOAD/PUBLIC/paper-2003-01-the-next-america-revisited,data/original/schools/HowCoSchooldatabase.xls,Data,Black,,mixed_numeric_text,29,33.0 | 34.7 | 27.7 | 20.0 | 7.1,,,xls,medium,Some headers were missing; generated column_N names. Sampled first 34 non-empty rows from worksheet.
paper-2003-01,The Next America Revisited,READY-TO-UPLOAD/PUBLIC,/Users/dlev2617/Documents/Code/Agents/github-packages/READY-TO-UPLOAD/PUBLIC/paper-2003-01-the-next-america-revisited,data/original/schools/HowCoSchooldatabase.xls,Data,Asian,,mixed_numeric_text,29,7.8 | 6.1 | 11.3 | 6.0 | 12.5,,,xls,medium,Some headers were missing; generated column_N names. Sampled first 34 non-empty rows from worksheet.
paper-2003-01,The Next America Revisited,READY-TO-UPLOAD/PUBLIC,/Users/dlev2617/Documents/Code/Agents/github-packages/READY-TO-UPLOAD/PUBLIC/paper-2003-01-the-next-america-revisited,data/original/schools/HowCoSchooldatabase.xls,Data,Hispanic,,mixed_numeric_text,29,2.5 | 3.5 | 4.3 | 1.5 | 1.1,,,xls,medium,Some headers were missing; generated column_N names. Sampled first 34 non-empty rows from worksheet.
paper-2003-01,The Next America Revisited,READY-TO-UPLOAD/PUBLIC,/Users/dlev2617/Documents/Code/Agents/github-packages/READY-TO-UPLOAD/PUBLIC/paper-2003-01-the-next-america-revisited,data/original/schools/HowCoSchooldatabase.xls,Data,Other,,mixed_numeric_text,29,0.3000000000000016 | 0.09999999999999609 | 0.0 | 0.20000000000000284 | 1.7763568394002505e-15,,,xls,medium,Some headers were missing; generated column_N names. Sampled first 34 non-empty rows from worksheet.
paper-2003-01,The Next America Revisited,READY-TO-UPLOAD/PUBLIC,/Users/dlev2617/Documents/Code/Agents/github-packages/READY-TO-UPLOAD/PUBLIC/paper-2003-01-the-next-america-revisited,data/original/schools/HowCoSchooldatabase.xls,Data,Whites,,mixed_numeric_text,32,826.824 | 538.2080000000001 | 806.2740000000001 | 911.703 | 1246.5959999999998,,,xls,medium,Some headers were missing; generated column_N names. Sampled first 34 non-empty rows from worksheet.
paper-2003-01,The Next America Revisited,READY-TO-UPLOAD/PUBLIC,/Users/dlev2617/Documents/Code/Agents/github-packages/READY-TO-UPLOAD/PUBLIC/paper-2003-01-the-next-america-revisited,data/original/schools/HowCoSchooldatabase.xls,Data,Blacks,,mixed_numeric_text,32,483.78000000000003 | 335.896 | 393.89399999999995 | 252.20000000000002 | 111.612,,,xls,medium,Some headers were missing; generated column_N names. Sampled first 34 non-empty rows from worksheet.
paper-2003-01,The Next America Revisited,READY-TO-UPLOAD/PUBLIC,/Users/dlev2617/Documents/Code/Agents/github-packages/READY-TO-UPLOAD/PUBLIC/paper-2003-01-the-next-america-revisited,data/original/schools/HowCoSchooldatabase.xls,Data,Asians,,mixed_numeric_text,32,114.348 | 59.048 | 160.686 | 75.66 | 196.5,,,xls,medium,Some headers were missing; generated column_N names. Sampled first 34 non-empty rows from worksheet.
paper-2003-01,The Next America Revisited,READY-TO-UPLOAD/PUBLIC,/Users/dlev2617/Documents/Code/Agents/github-packages/READY-TO-UPLOAD/PUBLIC/paper-2003-01-the-next-america-revisited,data/original/schools/HowCoSchooldatabase.xls,Data,Hispanics,,mixed_numeric_text,32,36.65 | 33.88 | 61.145999999999994 | 18.915 | 17.292,,,xls,medium,Some headers were missing; generated column_N names. Sampled first 34 non-empty rows from worksheet.
paper-2003-01,The Next America Revisited,READY-TO-UPLOAD/PUBLIC,/Users/dlev2617/Documents/Code/Agents/github-packages/READY-TO-UPLOAD/PUBLIC/paper-2003-01-the-next-america-revisited,data/original/schools/HowCoSchooldatabase.xls,Data,Total,,mixed_numeric_text,29,1461.602 | 967.032 | 1422.0 | 1258.478 | 1571.9999999999998,,,xls,medium,Some headers were missing; generated column_N names. Sampled first 34 non-empty rows from worksheet.
paper-2003-01,The Next America Revisited,READY-TO-UPLOAD/PUBLIC,/Users/dlev2617/Documents/Code/Agents/github-packages/READY-TO-UPLOAD/PUBLIC/paper-2003-01-the-next-america-revisited,data/original/schools/HowCoSchooldatabase.xls,Data,DISS(w/b),,mixed_numeric_text,29,0.11572821447811607 | 0.08863644771893757 | 0.06349031166327632 | 0.05068899794940143 | 0.21716597591092843,,,xls,medium,Some headers were missing; generated column_N names. Sampled first 34 non-empty rows from worksheet.
paper-2003-01,The Next America Revisited,READY-TO-UPLOAD/PUBLIC,/Users/dlev2617/Documents/Code/Agents/github-packages/READY-TO-UPLOAD/PUBLIC/paper-2003-01-the-next-america-revisited,data/original/schools/HowCoSchooldatabase.xls,Data,DISS(w/a),,mixed_numeric_text,29,0.0023520992706109467 | 0.026908751366936823 | 0.0788291152013072 | 0.08577252791328564 | 0.03620426334952642,,,xls,medium,Some headers were missing; generated column_N names. Sampled first 34 non-empty rows from worksheet.
paper-2003-01,The Next America Revisited,READY-TO-UPLOAD/PUBLIC,/Users/dlev2617/Documents/Code/Agents/github-packages/READY-TO-UPLOAD/PUBLIC/paper-2003-01-the-next-america-revisited,data/original/schools/HowCoSchooldatabase.xls,Data,DISS(b/a),,mixed_numeric_text,29,0.11808031374872702 | 0.11554519908587439 | 0.015338803538030882 | 0.03508352996388421 | 0.2533702392604549,,,xls,medium,Some headers were missing; generated column_N names. Sampled first 34 non-empty rows from worksheet.
paper-2003-01,The Next America Revisited,READY-TO-UPLOAD/PUBLIC,/Users/dlev2617/Documents/Code/Agents/github-packages/READY-TO-UPLOAD/PUBLIC/paper-2003-01-the-next-america-revisited,data/original/schools/HowCoSchooldatabase.xls,Data,DISS(w/h),,mixed_numeric_text,29,0.027336951016505517 | 0.07749841144178866 | 0.17799448292762016 | 0.09790642402538823 | 0.18492342136052586,,,xls,medium,Some headers were missing; generated column_N names. Sampled first 34 non-empty rows from worksheet.
paper-2003-01,The Next America Revisited,READY-TO-UPLOAD/PUBLIC,/Users/dlev2617/Documents/Code/Agents/github-packages/READY-TO-UPLOAD/PUBLIC/paper-2003-01-the-next-america-revisited,data/original/schools/HowCoSchooldatabase.xls,Data,DISS(b/h),,mixed_numeric_text,29,0.08839126346161055 | 0.011138036277148905 | 0.11450417126434384 | 0.04721742607598679 | 0.03224255455040256,,,xls,medium,Some headers were missing; generated column_N names. Sampled first 34 non-empty rows from worksheet.
paper-2003-01,The Next America Revisited,READY-TO-UPLOAD/PUBLIC,/Users/dlev2617/Documents/Code/Agents/github-packages/READY-TO-UPLOAD/PUBLIC/paper-2003-01-the-next-america-revisited,data/original/schools/HowCoSchooldatabase.xls,Data,DISS(a/h),,mixed_numeric_text,29,0.029689050287116464 | 0.10440716280872549 | 0.09916536772631296 | 0.012133896112102582 | 0.22112768471005229,,,xls,medium,Some headers were missing; generated column_N names. Sampled first 34 non-empty rows from worksheet.
paper-2003-01,The Next America Revisited,READY-TO-UPLOAD/PUBLIC,/Users/dlev2617/Documents/Code/Agents/github-packages/READY-TO-UPLOAD/PUBLIC/paper-2003-01-the-next-america-revisited,data/original/schools/HowCoSchooldatabase.xls,Data,Total/white,,mixed_numeric_text,29,0.027796431251475795 | 0.020432375289873947 | 0.026615366278435443 | 0.022210620928863806 | 0.05263355189092139,,,xls,medium,Some headers were missing; generated column_N names. Sampled first 34 non-empty rows from worksheet.
paper-2003-01,The Next America Revisited,READY-TO-UPLOAD/PUBLIC,/Users/dlev2617/Documents/Code/Agents/github-packages/READY-TO-UPLOAD/PUBLIC/paper-2003-01-the-next-america-revisited,data/original/schools/HowCoSchooldatabase.xls,Data,Total/black,,mixed_numeric_text,29,0.08793178322664028 | 0.06820407242906362 | 0.036874945384840874 | 0.028478377020537626 | 0.16453242402000703,,,xls,medium,Some headers were missing; generated column_N names. Sampled first 34 non-empty rows from worksheet.
paper-2003-01,The Next America Revisited,READY-TO-UPLOAD/PUBLIC,/Users/dlev2617/Documents/Code/Agents/github-packages/READY-TO-UPLOAD/PUBLIC/paper-2003-01-the-next-america-revisited,data/original/schools/HowCoSchooldatabase.xls,Data,Total/asian,,mixed_numeric_text,29,0.03014853052208674 | 0.04734112665681077 | 0.052213748922871756 | 0.06356190698442184 | 0.08883781524044781,,,xls,medium,Some headers were missing; generated column_N names. Sampled first 34 non-empty rows from worksheet.
paper-2003-01,The Next America Revisited,READY-TO-UPLOAD/PUBLIC,/Users/dlev2617/Documents/Code/Agents/github-packages/READY-TO-UPLOAD/PUBLIC/paper-2003-01-the-next-america-revisited,data/original/schools/HowCoSchooldatabase.xls,Data,Total/hispanic,,mixed_numeric_text,29,0.00045948023497027757 | 0.05706603615191472 | 0.15137911664918471 | 0.07569580309652442 | 0.13228986946960447,,,xls,medium,Some headers were missing; generated column_N names. Sampled first 34 non-empty rows from worksheet.
paper-2003-01,The Next America Revisited,READY-TO-UPLOAD/PUBLIC,/Users/dlev2617/Documents/Code/Agents/github-packages/READY-TO-UPLOAD/PUBLIC/paper-2003-01-the-next-america-revisited,data/original/schools/HowCoSchooldatabase.xls,Data,column_27,,empty,0,,,,xls,medium,Some headers were missing; generated column_N names. Sampled first 34 non-empty rows from worksheet.
paper-2003-01,The Next America Revisited,READY-TO-UPLOAD/PUBLIC,/Users/dlev2617/Documents/Code/Agents/github-packages/READY-TO-UPLOAD/PUBLIC/paper-2003-01-the-next-america-revisited,data/original/schools/HowCoSchooldatabase.xls,Data,column_28,,empty,0,,,,xls,medium,Some headers were missing; generated column_N names. Sampled first 34 non-empty rows from worksheet.
paper-2003-01,The Next America Revisited,READY-TO-UPLOAD/PUBLIC,/Users/dlev2617/Documents/Code/Agents/github-packages/READY-TO-UPLOAD/PUBLIC/paper-2003-01-the-next-america-revisited,data/original/schools/HowCoSchooldatabase.xls,Data,School_2,,text,26,Wilde Lake HS | Oakland Mills HS | Long Reach HS | Hammond HS | River Hill HS,,,xls,medium,Some headers were missing; generated column_N names. Sampled first 34 non-empty rows from worksheet.
paper-2003-01,The Next America Revisited,READY-TO-UPLOAD/PUBLIC,/Users/dlev2617/Documents/Code/Agents/github-packages/READY-TO-UPLOAD/PUBLIC/paper-2003-01-the-next-america-revisited,data/original/schools/HowCoSchooldatabase.xls,Data,FreeLunch,,mixed_numeric_text,26,13.0 | 15.4 | 12.7 | 1.1 | 1.6,,,xls,medium,Some headers were missing; generated column_N names. Sampled first 34 non-empty rows from worksheet.
paper-2003-01,The Next America Revisited,READY-TO-UPLOAD/PUBLIC,/Users/dlev2617/Documents/Code/Agents/github-packages/READY-TO-UPLOAD/PUBLIC/paper-2003-01-the-next-america-revisited,data/original/schools/HowCoSchooldatabase.xls,Data,Limited English,,mixed_numeric_text,26,2.5 | 1.1 | 4.5 | 0.0 | 0.9,,,xls,medium,Some headers were missing; generated column_N names. Sampled first 34 non-empty rows from worksheet.
paper-2003-01,The Next America Revisited,READY-TO-UPLOAD/PUBLIC,/Users/dlev2617/Documents/Code/Agents/github-packages/READY-TO-UPLOAD/PUBLIC/paper-2003-01-the-next-america-revisited,data/original/schools/HowCoSchooldatabase.xls,Data,SpecialEd,,mixed_numeric_text,26,8.8 | 12.2 | 10.2 | 5.9 | 5.6,,,xls,medium,Some headers were missing; generated column_N names. Sampled first 34 non-empty rows from worksheet.
paper-2003-01,The Next America Revisited,READY-TO-UPLOAD/PUBLIC,/Users/dlev2617/Documents/Code/Agents/github-packages/READY-TO-UPLOAD/PUBLIC/paper-2003-01-the-next-america-revisited,data/original/schools/HowCoSchooldatabase.xls,Data,SchoolBuses,,mixed_numeric_text,26,20.0 | 8.0 | 26.0 | 32.0 | SchoolBuses,,,xls,medium,Some headers were missing; generated column_N names. Sampled first 34 non-empty rows from worksheet.
paper-2003-01,The Next America Revisited,READY-TO-UPLOAD/PUBLIC,/Users/dlev2617/Documents/Code/Agents/github-packages/READY-TO-UPLOAD/PUBLIC/paper-2003-01-the-next-america-revisited,data/original/schools/HowCoSchooldatabase.xls,Data,Entrants,,mixed_numeric_text,26,7.9 | 6.3 | 5.8 | 1.6 | Entrants,,,xls,medium,Some headers were missing; generated column_N names. Sampled first 34 non-empty rows from worksheet.
paper-2003-01,The Next America Revisited,READY-TO-UPLOAD/PUBLIC,/Users/dlev2617/Documents/Code/Agents/github-packages/READY-TO-UPLOAD/PUBLIC/paper-2003-01-the-next-america-revisited,data/original/schools/HowCoSchooldatabase.xls,Data,Withdrawls,,mixed_numeric_text,26,7.3 | 10.1 | 6.7 | 4.0 | 3.1,,,xls,medium,Some headers were missing; generated column_N names. Sampled first 34 non-empty rows from worksheet.
paper-2003-01,The Next America Revisited,READY-TO-UPLOAD/PUBLIC,/Users/dlev2617/Documents/Code/Agents/github-packages/READY-TO-UPLOAD/PUBLIC/paper-2003-01-the-next-america-revisited,data/original/schools/HowCoSchooldatabase.xls,Data,Computers,,mixed_numeric_text,26,309.0 | 144.0 | 216.0 | 242.0 | 263.0,,,xls,medium,Some headers were missing; generated column_N names. Sampled first 34 non-empty rows from worksheet.
paper-2003-01,The Next America Revisited,READY-TO-UPLOAD/PUBLIC,/Users/dlev2617/Documents/Code/Agents/github-packages/READY-TO-UPLOAD/PUBLIC/paper-2003-01-the-next-america-revisited,data/original/schools/HowCoSchooldatabase.xls,Data,Computers/Student,,mixed_numeric_text,26,0.21077762619372442 | 0.1487603305785124 | 0.1518987341772152 | 0.19191118160190326 | 0.1673027989821883,,,xls,medium,Some headers were missing; generated column_N names. Sampled first 34 non-empty rows from worksheet.
paper-2003-01,The Next America Revisited,READY-TO-UPLOAD/PUBLIC,/Users/dlev2617/Documents/Code/Agents/github-packages/READY-TO-UPLOAD/PUBLIC/paper-2003-01-the-next-america-revisited,data/original/schools/HowCoSchooldatabase.xls,Data,SAT,,mixed_numeric_text,26,1092.0 | 1064.0 | 1010.0 | 1041.0 | 1103.0,,,xls,medium,Some headers were missing; generated column_N names. Sampled first 34 non-empty rows from worksheet.
paper-2003-01,The Next America Revisited,READY-TO-UPLOAD/PUBLIC,/Users/dlev2617/Documents/Code/Agents/github-packages/READY-TO-UPLOAD/PUBLIC/paper-2003-01-the-next-america-revisited,data/original/schools/HowCoSchooldatabase.xls,Data,column_39,,mixed_numeric_text,21,CTBS Lang (G6) | 61.0 | 55.0 | 68.0 | 62.0,,,xls,medium,Some headers were missing; generated column_N names. Sampled first 34 non-empty rows from worksheet.
paper-2003-01,The Next America Revisited,READY-TO-UPLOAD/PUBLIC,/Users/dlev2617/Documents/Code/Agents/github-packages/READY-TO-UPLOAD/PUBLIC/paper-2003-01-the-next-america-revisited,data/original/schools/HowCoSchooldatabase.xls,Data,column_40,,mixed_numeric_text,21,CTBS Math (G6) | 55.0 | 48.0 | 62.0 | 52.0,,,xls,medium,Some headers were missing; generated column_N names. Sampled first 34 non-empty rows from worksheet.
paper-2003-01,The Next America Revisited,READY-TO-UPLOAD/PUBLIC,/Users/dlev2617/Documents/Code/Agents/github-packages/READY-TO-UPLOAD/PUBLIC/paper-2003-01-the-next-america-revisited,data/original/schools/HowCoSchooldatabase.xls,Data,column_41,,mixed_numeric_text,21,Title I | 0.0 | 0.24 | 0.23 | 0.1,,,xls,medium,Some headers were missing; generated column_N names. Sampled first 34 non-empty rows from worksheet.
paper-2003-01,The Next America Revisited,READY-TO-UPLOAD/PUBLIC,/Users/dlev2617/Documents/Code/Agents/github-packages/READY-TO-UPLOAD/PUBLIC/paper-2003-01-the-next-america-revisited,data/original/schools/HowCoSchooldatabase.xls,Data,column_42,,empty,0,,,,xls,medium,Some headers were missing; generated column_N names. Sampled first 34 non-empty rows from worksheet.
paper-2003-01,The Next America Revisited,READY-TO-UPLOAD/PUBLIC,/Users/dlev2617/Documents/Code/Agents/github-packages/READY-TO-UPLOAD/PUBLIC/paper-2003-01-the-next-america-revisited,data/original/schools/HowCoSchooldatabase.xls,Data,Enroll/Capacity,,mixed_numeric_text,26,1.1006006006006006 | 0.9157994323557237 | 1.0675675675675675 | 0.9466966966966966 | 1.1801801801801801,,,xls,medium,Some headers were missing; generated column_N names. Sampled first 34 non-empty rows from worksheet.
paper-2003-01,The Next America Revisited,READY-TO-UPLOAD/PUBLIC,/Users/dlev2617/Documents/Code/Agents/github-packages/READY-TO-UPLOAD/PUBLIC/paper-2003-01-the-next-america-revisited,data/original/schools/HowCoSchooldatabase.xls,Data,AfricanAmerican,,mixed_numeric_text,26,33.0 | 34.7 | 27.7 | 20.0 | 7.1,,,xls,medium,Some headers were missing; generated column_N names. Sampled first 34 non-empty rows from worksheet.
paper-2003-01,The Next America Revisited,READY-TO-UPLOAD/PUBLIC,/Users/dlev2617/Documents/Code/Agents/github-packages/READY-TO-UPLOAD/PUBLIC/paper-2003-01-the-next-america-revisited,data/original/schools/HowCoSchooldatabase.xls,Dissimilarity,Dissimilarity Index,,text,10,White/black | White/asian | Black/asian | White/hispanic | Black/hispanic,,,xls,medium,Headers inferred from first row. Sampled first 11 non-empty rows from worksheet.
paper-2003-01,The Next America Revisited,READY-TO-UPLOAD/PUBLIC,/Users/dlev2617/Documents/Code/Agents/github-packages/READY-TO-UPLOAD/PUBLIC/paper-2003-01-the-next-america-revisited,data/original/schools/HowCoSchooldatabase.xls,Dissimilarity,High School,,numeric,10,0.2678549738603299 | 0.11503337855083351 | 0.26870904279848573 | 0.2828298453859142 | 0.14674672581474635,0.0748441728198,0.282829845386,xls,medium,Headers inferred from first row. Sampled first 11 non-empty rows from worksheet.
paper-2003-01,The Next America Revisited,READY-TO-UPLOAD/PUBLIC,/Users/dlev2617/Documents/Code/Agents/github-packages/READY-TO-UPLOAD/PUBLIC/paper-2003-01-the-next-america-revisited,data/original/schools/HowCoSchooldatabase.xls,Dissimilarity,Middle School,,numeric,10,0.06450242012106931 | 0.08454277125751512 | 0.06256634976375064 | 0.11555430771024833 | 0.11564208526820148,0.0309820593369,0.178208435032,xls,medium,Headers inferred from first row. Sampled first 11 non-empty rows from worksheet.
paper-2003-01,The Next America Revisited,READY-TO-UPLOAD/PUBLIC,/Users/dlev2617/Documents/Code/Agents/github-packages/READY-TO-UPLOAD/PUBLIC/paper-2003-01-the-next-america-revisited,data/original/schools/HowCoSchooldatabase.xls,Dissimilarity,Elementary School,,numeric,10,0.37237465743508386 | 0.19151728929176537 | 0.3960745520796022 | 0.4755000666280628 | 0.2205196367629838,0.131000731789,0.475500066628,xls,medium,Headers inferred from first row. Sampled first 11 non-empty rows from worksheet.
